날짜,시간대,따릉이대여건수,지하철승차인원,기온(°C),요일,요일명,주말여부,공휴일여부
2025-03-01,06-07,787,55215.0,3.4,5,토,True,True
2025-03-01,07-08,1353,74607.0,3.6,5,토,True,True
2025-03-01,08-09,2022,122709.0,4.1,5,토,True,True
2025-03-01,09-10,2921,169922.0,5.6,5,토,True,True
2025-03-01,10-11,3268,193362.0,6.6,5,토,True,True
2025-03-01,11-12,3830,227512.0,9.3,5,토,True,True
2025-03-01,12-13,4450,262496.0,12.2,5,토,True,True
2025-03-01,13-14,4685,279811.0,12.8,5,토,True,True
2025-03-01,14-15,2661,320777.0,12.2,5,토,True,True
2025-03-01,15-16,1601,315072.0,11.4,5,토,True,True
2025-03-01,16-17,3249,315615.0,12.2,5,토,True,True
2025-03-01,17-18,4017,314313.0,12.5,5,토,True,True
2025-03-01,18-19,3719,261479.0,12.3,5,토,True,True
2025-03-01,19-20,3126,204292.0,11.3,5,토,True,True
2025-03-01,20-21,2980,192199.0,10.2,5,토,True,True
2025-03-01,21-22,2860,171473.0,9.5,5,토,True,True
2025-03-01,22-23,2568,137690.0,9.1,5,토,True,True
2025-03-01,23-24,2032,59972.0,9.4,5,토,True,True
2025-03-02,06-07,658,39929.0,8.5,6,일,True,False
2025-03-02,07-08,1057,55264.0,8.4,6,일,True,False
2025-03-02,08-09,1756,94902.0,8.6,6,일,True,False
2025-03-02,09-10,2420,135298.0,9.0,6,일,True,False
2025-03-02,10-11,2981,153211.0,10.4,6,일,True,False
2025-03-02,11-12,3426,160785.0,11.7,6,일,True,False
2025-03-02,12-13,3947,188966.0,13.6,6,일,True,False
2025-03-02,13-14,4500,205275.0,15.3,6,일,True,False
2025-03-02,14-15,3417,220370.0,14.6,6,일,True,False
2025-03-02,15-16,1091,221782.0,13.5,6,일,True,False
2025-03-02,16-17,290,228453.0,10.3,6,일,True,False
2025-03-02,17-18,211,210698.0,7.9,6,일,True,False
2025-03-02,18-19,140,183935.0,7.1,6,일,True,False
2025-03-02,19-20,122,149501.0,5.8,6,일,True,False
2025-03-02,20-21,224,141203.0,4.8,6,일,True,False
2025-03-02,21-22,203,128652.0,4.2,6,일,True,False
2025-03-02,22-23,201,101413.0,3.6,6,일,True,False
2025-03-02,23-24,79,44551.0,3.1,6,일,True,False
2025-03-03,06-07,222,46876.0,1.2,0,월,False,True
2025-03-03,07-08,484,65167.0,1.1,0,월,False,True
2025-03-03,08-09,1059,98797.0,1.8,0,월,False,True
2025-03-03,09-10,1614,124960.0,2.6,0,월,False,True
2025-03-03,10-11,2172,139822.0,3.2,0,월,False,True
2025-03-03,11-12,2822,162878.0,4.7,0,월,False,True
2025-03-03,12-13,3238,179990.0,6.3,0,월,False,True
2025-03-03,13-14,3776,190606.0,6.9,0,월,False,True
2025-03-03,14-15,4257,197760.0,6.8,0,월,False,True
2025-03-03,15-16,4250,216001.0,6.6,0,월,False,True
2025-03-03,16-17,4387,236552.0,5.6,0,월,False,True
2025-03-03,17-18,3976,217859.0,4.7,0,월,False,True
2025-03-03,18-19,3447,194813.0,3.6,0,월,False,True
2025-03-03,19-20,2455,161161.0,2.7,0,월,False,True
2025-03-03,20-21,2125,146762.0,2.0,0,월,False,True
2025-03-03,21-22,1904,124241.0,1.6,0,월,False,True
2025-03-03,22-23,1530,91038.0,1.4,0,월,False,True
2025-03-03,23-24,1122,34617.0,1.2,0,월,False,True
2025-03-04,06-07,2248,150212.0,2.0,1,화,False,False
2025-03-04,07-08,5200,417451.0,2.2,1,화,False,False
2025-03-04,08-09,7462,493091.0,2.4,1,화,False,False
2025-03-04,09-10,1820,284099.0,2.8,1,화,False,False
2025-03-04,10-11,431,188504.0,1.1,1,화,False,False
2025-03-04,11-12,417,179285.0,1.0,1,화,False,False
2025-03-04,12-13,455,192800.0,1.1,1,화,False,False
2025-03-04,13-14,434,193980.0,1.6,1,화,False,False
2025-03-04,14-15,845,203131.0,2.3,1,화,False,False
2025-03-04,15-16,960,237992.0,2.4,1,화,False,False
2025-03-04,16-17,2032,284208.0,2.6,1,화,False,False
2025-03-04,17-18,4322,424655.0,3.2,1,화,False,False
2025-03-04,18-19,6713,585302.0,3.3,1,화,False,False
2025-03-04,19-20,4194,297486.0,3.1,1,화,False,False
2025-03-04,20-21,3414,220557.0,3.3,1,화,False,False
2025-03-04,21-22,3196,190457.0,3.4,1,화,False,False
2025-03-04,22-23,2621,138220.0,3.4,1,화,False,False
2025-03-04,23-24,1538,53808.0,3.4,1,화,False,False
2025-03-05,06-07,2424,149533.0,2.4,2,수,False,False
2025-03-05,07-08,6275,428937.0,2.4,2,수,False,False
2025-03-05,08-09,9070,507203.0,2.6,2,수,False,False
2025-03-05,09-10,3822,287635.0,3.2,2,수,False,False
2025-03-05,10-11,2740,191093.0,4.1,2,수,False,False
2025-03-05,11-12,3098,185533.0,5.2,2,수,False,False
2025-03-05,12-13,3188,198243.0,5.8,2,수,False,False
2025-03-05,13-14,3175,209045.0,6.2,2,수,False,False
2025-03-05,14-15,3512,219880.0,7.3,2,수,False,False
2025-03-05,15-16,4260,263325.0,8.1,2,수,False,False
2025-03-05,16-17,5378,314091.0,8.8,2,수,False,False
2025-03-05,17-18,7925,458178.0,8.9,2,수,False,False
2025-03-05,18-19,10151,605070.0,7.8,2,수,False,False
2025-03-05,19-20,6146,306520.0,6.6,2,수,False,False
2025-03-05,20-21,4656,233961.0,5.8,2,수,False,False
2025-03-05,21-22,4137,211566.0,5.2,2,수,False,False
2025-03-05,22-23,3311,157218.0,4.5,2,수,False,False
2025-03-05,23-24,1841,64230.0,4.0,2,수,False,False
2025-03-06,06-07,2519,148920.0,0.3,3,목,False,False
2025-03-06,07-08,6654,429875.0,-0.3,3,목,False,False
2025-03-06,08-09,9641,511874.0,0.1,3,목,False,False
2025-03-06,09-10,4456,290966.0,2.1,3,목,False,False
2025-03-06,10-11,3119,195921.0,4.3,3,목,False,False
2025-03-06,11-12,3483,187543.0,6.8,3,목,False,False
2025-03-06,12-13,3567,201904.0,7.6,3,목,False,False
2025-03-06,13-14,3570,212697.0,8.6,3,목,False,False
2025-03-06,14-15,3840,224475.0,9.3,3,목,False,False
2025-03-06,15-16,4331,263013.0,9.8,3,목,False,False
2025-03-06,16-17,6064,330880.0,10.3,3,목,False,False
2025-03-06,17-18,8137,460462.0,9.6,3,목,False,False
2025-03-06,18-19,10318,598231.0,8.6,3,목,False,False
2025-03-06,19-20,6012,309377.0,7.2,3,목,False,False
2025-03-06,20-21,4628,239759.0,6.3,3,목,False,False
2025-03-06,21-22,4222,224775.0,5.6,3,목,False,False
2025-03-06,22-23,3291,171802.0,4.8,3,목,False,False
2025-03-06,23-24,2044,72608.0,3.8,3,목,False,False
2025-03-07,06-07,2483,146441.0,0.4,4,금,False,False
2025-03-07,07-08,6775,414646.0,0.1,4,금,False,False
2025-03-07,08-09,9613,492305.0,0.4,4,금,False,False
2025-03-07,09-10,4586,277681.0,3.0,4,금,False,False
2025-03-07,10-11,3172,197914.0,5.1,4,금,False,False
2025-03-07,11-12,3845,196264.0,7.4,4,금,False,False
2025-03-07,12-13,4050,214648.0,8.8,4,금,False,False
2025-03-07,13-14,4030,227687.0,10.0,4,금,False,False
2025-03-07,14-15,4339,241546.0,10.4,4,금,False,False
2025-03-07,15-16,5204,291675.0,10.7,4,금,False,False
2025-03-07,16-17,6169,352683.0,11.1,4,금,False,False
2025-03-07,17-18,8407,498980.0,9.4,4,금,False,False
2025-03-07,18-19,10446,626168.0,8.1,4,금,False,False
2025-03-07,19-20,5802,313116.0,6.9,4,금,False,False
2025-03-07,20-21,4330,232233.0,6.3,4,금,False,False
2025-03-07,21-22,3888,218979.0,5.6,4,금,False,False
2025-03-07,22-23,3573,192988.0,5.0,4,금,False,False
2025-03-07,23-24,2285,99181.0,4.7,4,금,False,False
2025-03-08,06-07,950,60823.0,3.3,5,토,True,False
2025-03-08,07-08,1670,94713.0,3.1,5,토,True,False
2025-03-08,08-09,2957,163138.0,2.8,5,토,True,False
2025-03-08,09-10,3860,196882.0,3.9,5,토,True,False
2025-03-08,10-11,4113,211889.0,5.9,5,토,True,False
2025-03-08,11-12,4666,245456.0,7.0,5,토,True,False
2025-03-08,12-13,5441,274096.0,8.7,5,토,True,False
2025-03-08,13-14,5909,292249.0,10.3,5,토,True,False
2025-03-08,14-15,6246,300904.0,10.9,5,토,True,False
2025-03-08,15-16,6648,327784.0,10.7,5,토,True,False
2025-03-08,16-17,6551,365102.0,10.1,5,토,True,False
2025-03-08,17-18,6078,343770.0,9.0,5,토,True,False
2025-03-08,18-19,5008,280432.0,7.2,5,토,True,False
2025-03-08,19-20,3770,225198.0,6.2,5,토,True,False
2025-03-08,20-21,3143,213265.0,5.6,5,토,True,False
2025-03-08,21-22,3075,191338.0,4.9,5,토,True,False
2025-03-08,22-23,2664,158184.0,4.4,5,토,True,False
2025-03-08,23-24,2027,69758.0,4.0,5,토,True,False
2025-03-09,06-07,671,41531.0,1.7,6,일,True,False
2025-03-09,07-08,1063,59616.0,1.3,6,일,True,False
2025-03-09,08-09,2021,104416.0,1.4,6,일,True,False
2025-03-09,09-10,2839,144954.0,3.7,6,일,True,False
2025-03-09,10-11,3509,161714.0,6.4,6,일,True,False
2025-03-09,11-12,4248,167476.0,8.2,6,일,True,False
2025-03-09,12-13,5180,202213.0,10.5,6,일,True,False
2025-03-09,13-14,6032,214491.0,12.1,6,일,True,False
2025-03-09,14-15,6645,217036.0,12.8,6,일,True,False
2025-03-09,15-16,7550,229990.0,13.4,6,일,True,False
2025-03-09,16-17,7818,235281.0,13.2,6,일,True,False
2025-03-09,17-18,6916,222487.0,13.3,6,일,True,False
2025-03-09,18-19,5625,196911.0,11.4,6,일,True,False
2025-03-09,19-20,4123,165863.0,9.5,6,일,True,False
2025-03-09,20-21,3514,159360.0,7.8,6,일,True,False
2025-03-09,21-22,3131,133920.0,7.1,6,일,True,False
2025-03-09,22-23,2319,96011.0,6.2,6,일,True,False
2025-03-09,23-24,1495,37324.0,5.6,6,일,True,False
2025-03-10,06-07,2653,154283.0,2.4,0,월,False,False
2025-03-10,07-08,6867,431666.0,2.4,0,월,False,False
2025-03-10,08-09,9941,506108.0,2.8,0,월,False,False
2025-03-10,09-10,4719,288458.0,5.3,0,월,False,False
2025-03-10,10-11,3229,193824.0,8.2,0,월,False,False
2025-03-10,11-12,3876,188246.0,10.8,0,월,False,False
2025-03-10,12-13,3966,198807.0,12.9,0,월,False,False
2025-03-10,13-14,3942,205594.0,13.8,0,월,False,False
2025-03-10,14-15,4233,219657.0,14.3,0,월,False,False
2025-03-10,15-16,5176,262058.0,14.8,0,월,False,False
2025-03-10,16-17,6279,313918.0,14.1,0,월,False,False
2025-03-10,17-18,9133,451023.0,13.2,0,월,False,False
2025-03-10,18-19,12100,610353.0,11.9,0,월,False,False
2025-03-10,19-20,7203,310262.0,10.1,0,월,False,False
2025-03-10,20-21,5531,232277.0,8.7,0,월,False,False
2025-03-10,21-22,4571,205316.0,7.6,0,월,False,False
2025-03-10,22-23,3746,144218.0,6.9,0,월,False,False
2025-03-10,23-24,2176,58736.0,5.9,0,월,False,False
2025-03-11,06-07,2801,152365.0,3.4,1,화,False,False
2025-03-11,07-08,7512,437976.0,2.9,1,화,False,False
2025-03-11,08-09,10798,517304.0,3.8,1,화,False,False
2025-03-11,09-10,5069,297225.0,6.3,1,화,False,False
2025-03-11,10-11,3453,198201.0,8.8,1,화,False,False
2025-03-11,11-12,4011,187713.0,11.2,1,화,False,False
2025-03-11,12-13,4214,200370.0,13.4,1,화,False,False
2025-03-11,13-14,4160,210210.0,14.6,1,화,False,False
2025-03-11,14-15,4379,219453.0,15.6,1,화,False,False
2025-03-11,15-16,4998,258306.0,16.4,1,화,False,False
2025-03-11,16-17,7086,327676.0,16.2,1,화,False,False
2025-03-11,17-18,10007,471544.0,15.4,1,화,False,False
2025-03-11,18-19,12796,616956.0,13.9,1,화,False,False
2025-03-11,19-20,7428,310853.0,12.0,1,화,False,False
2025-03-11,20-21,5762,241561.0,10.6,1,화,False,False
2025-03-11,21-22,5102,223606.0,9.6,1,화,False,False
2025-03-11,22-23,4174,162899.0,9.1,1,화,False,False
2025-03-11,23-24,2360,66052.0,8.9,1,화,False,False
2025-03-12,06-07,2941,149039.0,6.7,2,수,False,False
2025-03-12,07-08,7815,428627.0,7.0,2,수,False,False
2025-03-12,08-09,11301,512316.0,7.4,2,수,False,False
2025-03-12,09-10,5179,293986.0,8.6,2,수,False,False
2025-03-12,10-11,3640,197463.0,9.5,2,수,False,False
2025-03-12,11-12,4056,189944.0,10.5,2,수,False,False
2025-03-12,12-13,4034,203071.0,11.4,2,수,False,False
2025-03-12,13-14,4033,212094.0,11.5,2,수,False,False
2025-03-12,14-15,3934,222950.0,11.6,2,수,False,False
2025-03-12,15-16,4555,267600.0,11.0,2,수,False,False
2025-03-12,16-17,5090,330618.0,10.2,2,수,False,False
2025-03-12,17-18,5939,478703.0,9.3,2,수,False,False
2025-03-12,18-19,9568,606273.0,8.7,2,수,False,False
2025-03-12,19-20,6029,297301.0,8.4,2,수,False,False
2025-03-12,20-21,4994,235203.0,8.1,2,수,False,False
2025-03-12,21-22,4532,223257.0,7.9,2,수,False,False
2025-03-12,22-23,3689,165697.0,7.9,2,수,False,False
2025-03-12,23-24,2284,68280.0,7.6,2,수,False,False
2025-03-13,06-07,2638,149843.0,3.4,3,목,False,False
2025-03-13,07-08,7079,427841.0,3.3,3,목,False,False
2025-03-13,08-09,10514,512760.0,3.5,3,목,False,False
2025-03-13,09-10,5001,293626.0,5.7,3,목,False,False
2025-03-13,10-11,3516,199288.0,7.7,3,목,False,False
2025-03-13,11-12,3991,191741.0,9.4,3,목,False,False
2025-03-13,12-13,4207,205549.0,10.9,3,목,False,False
2025-03-13,13-14,4104,214218.0,12.5,3,목,False,False
2025-03-13,14-15,4305,223419.0,14.0,3,목,False,False
2025-03-13,15-16,4933,265871.0,14.8,3,목,False,False
2025-03-13,16-17,6959,330950.0,14.6,3,목,False,False
2025-03-13,17-18,9618,472549.0,14.9,3,목,False,False
2025-03-13,18-19,12480,606557.0,13.9,3,목,False,False
2025-03-13,19-20,7342,311327.0,11.8,3,목,False,False
2025-03-13,20-21,5702,248691.0,10.4,3,목,False,False
2025-03-13,21-22,5169,241487.0,9.5,3,목,False,False
2025-03-13,22-23,4334,182109.0,8.8,3,목,False,False
2025-03-13,23-24,2559,78771.0,8.1,3,목,False,False
2025-03-14,06-07,2694,144734.0,5.1,4,금,False,False
2025-03-14,07-08,7674,408097.0,5.1,4,금,False,False
2025-03-14,08-09,10839,488259.0,5.9,4,금,False,False
2025-03-14,09-10,5355,282304.0,8.9,4,금,False,False
2025-03-14,10-11,3694,204054.0,12.8,4,금,False,False
2025-03-14,11-12,4659,205026.0,15.1,4,금,False,False
2025-03-14,12-13,5111,223368.0,16.5,4,금,False,False
2025-03-14,13-14,5189,235672.0,17.7,4,금,False,False
2025-03-14,14-15,5705,251483.0,19.1,4,금,False,False
2025-03-14,15-16,6744,304779.0,19.7,4,금,False,False
2025-03-14,16-17,8297,367779.0,19.7,4,금,False,False
2025-03-14,17-18,11381,513585.0,18.9,4,금,False,False
2025-03-14,18-19,13303,627795.0,17.0,4,금,False,False
2025-03-14,19-20,7972,318269.0,15.6,4,금,False,False
2025-03-14,20-21,6133,242932.0,14.6,4,금,False,False
2025-03-14,21-22,5570,238105.0,13.8,4,금,False,False
2025-03-14,22-23,4981,202537.0,12.8,4,금,False,False
2025-03-14,23-24,3280,103577.0,12.1,4,금,False,False
2025-03-15,06-07,1043,62246.0,10.3,5,토,True,False
2025-03-15,07-08,1958,96117.0,10.1,5,토,True,False
2025-03-15,08-09,3340,162025.0,10.1,5,토,True,False
2025-03-15,09-10,4367,202040.0,10.6,5,토,True,False
2025-03-15,10-11,4692,219795.0,11.8,5,토,True,False
2025-03-15,11-12,5553,251466.0,12.9,5,토,True,False
2025-03-15,12-13,6659,285795.0,14.9,5,토,True,False
2025-03-15,13-14,7630,302775.0,15.3,5,토,True,False
2025-03-15,14-15,8359,312171.0,16.2,5,토,True,False
2025-03-15,15-16,9432,333984.0,17.1,5,토,True,False
2025-03-15,16-17,9769,366134.0,16.6,5,토,True,False
2025-03-15,17-18,9610,354979.0,16.6,5,토,True,False
2025-03-15,18-19,7690,295778.0,15.1,5,토,True,False
2025-03-15,19-20,5520,245780.0,13.1,5,토,True,False
2025-03-15,20-21,4961,233575.0,12.0,5,토,True,False
2025-03-15,21-22,4578,206686.0,11.4,5,토,True,False
2025-03-15,22-23,3756,164275.0,11.2,5,토,True,False
2025-03-15,23-24,2456,73543.0,10.9,5,토,True,False
2025-03-16,06-07,299,50703.0,7.0,6,일,True,False
2025-03-16,07-08,533,60068.0,6.6,6,일,True,False
2025-03-16,08-09,900,105200.0,6.0,6,일,True,False
2025-03-16,09-10,1247,153385.0,5.0,6,일,True,False
2025-03-16,10-11,1701,168297.0,4.7,6,일,True,False
2025-03-16,11-12,2289,169267.0,4.3,6,일,True,False
2025-03-16,12-13,3020,198250.0,4.3,6,일,True,False
2025-03-16,13-14,3667,210271.0,5.0,6,일,True,False
2025-03-16,14-15,4104,206247.0,5.6,6,일,True,False
2025-03-16,15-16,4428,215870.0,6.2,6,일,True,False
2025-03-16,16-17,4458,221342.0,5.9,6,일,True,False
2025-03-16,17-18,4374,215058.0,5.3,6,일,True,False
2025-03-16,18-19,3589,195046.0,4.1,6,일,True,False
2025-03-16,19-20,2669,162897.0,2.8,6,일,True,False
2025-03-16,20-21,2286,154291.0,2.4,6,일,True,False
2025-03-16,21-22,2044,129323.0,2.0,6,일,True,False
2025-03-16,22-23,1854,92926.0,2.0,6,일,True,False
2025-03-16,23-24,1204,36574.0,1.6,6,일,True,False
2025-03-17,06-07,2374,154702.0,-0.9,0,월,False,False
2025-03-17,07-08,6677,430604.0,-1.3,0,월,False,False
2025-03-17,08-09,9135,501089.0,-0.5,0,월,False,False
2025-03-17,09-10,4344,283510.0,0.6,0,월,False,False
2025-03-17,10-11,2859,189689.0,2.1,0,월,False,False
2025-03-17,11-12,3355,185921.0,3.1,0,월,False,False
2025-03-17,12-13,3483,196480.0,4.8,0,월,False,False
2025-03-17,13-14,3473,202716.0,5.8,0,월,False,False
2025-03-17,14-15,3622,211600.0,6.4,0,월,False,False
2025-03-17,15-16,4383,253910.0,6.6,0,월,False,False
2025-03-17,16-17,5398,313220.0,6.0,0,월,False,False
2025-03-17,17-18,7748,458563.0,5.1,0,월,False,False
2025-03-17,18-19,10155,611364.0,4.2,0,월,False,False
2025-03-17,19-20,5916,300962.0,3.8,0,월,False,False
2025-03-17,20-21,4498,225168.0,3.7,0,월,False,False
2025-03-17,21-22,3939,201639.0,3.6,0,월,False,False
2025-03-17,22-23,3341,142213.0,3.8,0,월,False,False
2025-03-17,23-24,1394,58956.0,3.9,0,월,False,False
2025-03-18,06-07,931,154439.0,0.5,1,화,False,False
2025-03-18,07-08,1698,440969.0,0.4,1,화,False,False
2025-03-18,08-09,2693,529670.0,0.4,1,화,False,False
2025-03-18,09-10,2322,296273.0,1.0,1,화,False,False
2025-03-18,10-11,1701,190740.0,2.8,1,화,False,False
2025-03-18,11-12,2043,181726.0,2.5,1,화,False,False
2025-03-18,12-13,2017,194343.0,2.4,1,화,False,False
2025-03-18,13-14,2388,199662.0,3.0,1,화,False,False
2025-03-18,14-15,2398,209818.0,4.2,1,화,False,False
2025-03-18,15-16,3139,243450.0,5.1,1,화,False,False
2025-03-18,16-17,4754,312944.0,5.1,1,화,False,False
2025-03-18,17-18,6609,462870.0,4.9,1,화,False,False
2025-03-18,18-19,8437,611341.0,4.2,1,화,False,False
2025-03-18,19-20,4719,303900.0,3.5,1,화,False,False
2025-03-18,20-21,3650,236784.0,2.6,1,화,False,False
2025-03-18,21-22,3407,217204.0,1.9,1,화,False,False
2025-03-18,22-23,2857,158287.0,1.5,1,화,False,False
2025-03-18,23-24,1577,64056.0,1.1,1,화,False,False
2025-03-19,06-07,2332,150305.0,-1.8,2,수,False,False
2025-03-19,07-08,6493,429215.0,-1.8,2,수,False,False
2025-03-19,08-09,9490,505817.0,-0.8,2,수,False,False
2025-03-19,09-10,4574,289669.0,0.8,2,수,False,False
2025-03-19,10-11,3187,195870.0,2.3,2,수,False,False
2025-03-19,11-12,3599,191460.0,3.8,2,수,False,False
2025-03-19,12-13,3895,207271.0,4.5,2,수,False,False
2025-03-19,13-14,3805,215347.0,5.4,2,수,False,False
2025-03-19,14-15,3915,223884.0,6.7,2,수,False,False
2025-03-19,15-16,4531,261848.0,7.2,2,수,False,False
2025-03-19,16-17,5798,323761.0,6.9,2,수,False,False
2025-03-19,17-18,8022,477029.0,6.9,2,수,False,False
2025-03-19,18-19,9952,608806.0,5.2,2,수,False,False
2025-03-19,19-20,5757,304659.0,3.5,2,수,False,False
2025-03-19,20-21,4431,243349.0,2.9,2,수,False,False
2025-03-19,21-22,3949,228275.0,2.3,2,수,False,False
2025-03-19,22-23,3364,169762.0,2.0,2,수,False,False
2025-03-19,23-24,1978,70412.0,1.8,2,수,False,False
2025-03-20,06-07,2632,151680.0,3.3,3,목,False,False
2025-03-20,07-08,7301,431180.0,2.8,3,목,False,False
2025-03-20,08-09,10500,511526.0,3.2,3,목,False,False
2025-03-20,09-10,4881,296406.0,4.8,3,목,False,False
2025-03-20,10-11,3431,201960.0,6.0,3,목,False,False
2025-03-20,11-12,3866,194576.0,7.6,3,목,False,False
2025-03-20,12-13,4375,209501.0,10.0,3,목,False,False
2025-03-20,13-14,4420,220830.0,12.2,3,목,False,False
2025-03-20,14-15,4715,229766.0,13.9,3,목,False,False
2025-03-20,15-16,5220,268786.0,14.7,3,목,False,False
2025-03-20,16-17,7094,336367.0,14.4,3,목,False,False
2025-03-20,17-18,9699,477288.0,13.8,3,목,False,False
2025-03-20,18-19,12444,607811.0,11.9,3,목,False,False
2025-03-20,19-20,7104,311229.0,10.6,3,목,False,False
2025-03-20,20-21,5448,248073.0,9.9,3,목,False,False
2025-03-20,21-22,4698,239083.0,9.2,3,목,False,False
2025-03-20,22-23,4016,183534.0,8.7,3,목,False,False
2025-03-20,23-24,2351,80214.0,8.3,3,목,False,False
2025-03-21,06-07,2617,144437.0,8.1,4,금,False,False
2025-03-21,07-08,7372,407332.0,8.1,4,금,False,False
2025-03-21,08-09,10750,489141.0,8.4,4,금,False,False
2025-03-21,09-10,5262,283664.0,9.2,4,금,False,False
2025-03-21,10-11,3797,205023.0,11.4,4,금,False,False
2025-03-21,11-12,4481,205966.0,13.4,4,금,False,False
2025-03-21,12-13,5040,227531.0,15.0,4,금,False,False
2025-03-21,13-14,5206,239228.0,16.8,4,금,False,False
2025-03-21,14-15,5521,254710.0,18.1,4,금,False,False
2025-03-21,15-16,6743,300662.0,18.3,4,금,False,False
2025-03-21,16-17,8101,368232.0,18.3,4,금,False,False
2025-03-21,17-18,11043,514143.0,17.2,4,금,False,False
2025-03-21,18-19,13038,625669.0,15.1,4,금,False,False
2025-03-21,19-20,7297,316147.0,12.9,4,금,False,False
2025-03-21,20-21,5530,245404.0,11.5,4,금,False,False
2025-03-21,21-22,4962,235994.0,10.7,4,금,False,False
2025-03-21,22-23,4434,201367.0,9.5,4,금,False,False
2025-03-21,23-24,2867,105292.0,8.9,4,금,False,False
2025-03-22,06-07,1101,63908.0,6.3,5,토,True,False
2025-03-22,07-08,2076,98547.0,6.2,5,토,True,False
2025-03-22,08-09,3603,167863.0,7.6,5,토,True,False
2025-03-22,09-10,4762,207023.0,10.3,5,토,True,False
2025-03-22,10-11,5396,224579.0,13.3,5,토,True,False
2025-03-22,11-12,5983,255565.0,15.7,5,토,True,False
2025-03-22,12-13,6974,291094.0,17.6,5,토,True,False
2025-03-22,13-14,7840,304375.0,18.9,5,토,True,False
2025-03-22,14-15,8586,308233.0,19.4,5,토,True,False
2025-03-22,15-16,9407,328799.0,19.6,5,토,True,False
2025-03-22,16-17,9948,364816.0,19.5,5,토,True,False
2025-03-22,17-18,9864,357651.0,19.1,5,토,True,False
2025-03-22,18-19,8316,293871.0,17.0,5,토,True,False
2025-03-22,19-20,6167,245330.0,14.9,5,토,True,False
2025-03-22,20-21,5266,236869.0,13.4,5,토,True,False
2025-03-22,21-22,4894,204716.0,12.7,5,토,True,False
2025-03-22,22-23,3946,167788.0,12.0,5,토,True,False
2025-03-22,23-24,2954,74077.0,11.4,5,토,True,False
2025-03-23,06-07,763,43555.0,7.2,6,일,True,False
2025-03-23,07-08,1384,61801.0,7.4,6,일,True,False
2025-03-23,08-09,2542,107706.0,9.0,6,일,True,False
2025-03-23,09-10,3677,146688.0,12.1,6,일,True,False
2025-03-23,10-11,4765,164151.0,14.6,6,일,True,False
2025-03-23,11-12,5580,169198.0,16.9,6,일,True,False
2025-03-23,12-13,7142,203751.0,19.3,6,일,True,False
2025-03-23,13-14,8603,217086.0,21.6,6,일,True,False
2025-03-23,14-15,9888,214604.0,23.3,6,일,True,False
2025-03-23,15-16,10694,223111.0,23.8,6,일,True,False
2025-03-23,16-17,10861,228678.0,23.0,6,일,True,False
2025-03-23,17-18,10403,227692.0,21.5,6,일,True,False
2025-03-23,18-19,8480,198672.0,20.0,6,일,True,False
2025-03-23,19-20,6517,169235.0,18.0,6,일,True,False
2025-03-23,20-21,5773,161127.0,16.7,6,일,True,False
2025-03-23,21-22,5055,138095.0,15.8,6,일,True,False
2025-03-23,22-23,3726,101804.0,15.1,6,일,True,False
2025-03-23,23-24,2432,40757.0,14.6,6,일,True,False
2025-03-24,06-07,3015,153917.0,14.2,0,월,False,False
2025-03-24,07-08,8177,428256.0,14.1,0,월,False,False
2025-03-24,08-09,11389,505757.0,14.4,0,월,False,False
2025-03-24,09-10,5479,288994.0,15.3,0,월,False,False
2025-03-24,10-11,3774,192728.0,16.5,0,월,False,False
2025-03-24,11-12,4663,187188.0,18.1,0,월,False,False
2025-03-24,12-13,4993,199971.0,18.8,0,월,False,False
2025-03-24,13-14,4909,205528.0,20.5,0,월,False,False
2025-03-24,14-15,5185,214836.0,21.3,0,월,False,False
2025-03-24,15-16,6154,255443.0,20.0,0,월,False,False
2025-03-24,16-17,7809,311431.0,19.3,0,월,False,False
2025-03-24,17-18,11382,459133.0,17.9,0,월,False,False
2025-03-24,18-19,14771,608096.0,16.5,0,월,False,False
2025-03-24,19-20,9004,306915.0,15.7,0,월,False,False
2025-03-24,20-21,6974,231464.0,14.8,0,월,False,False
2025-03-24,21-22,6099,204530.0,13.5,0,월,False,False
2025-03-24,22-23,4828,145698.0,12.6,0,월,False,False
2025-03-24,23-24,2638,58911.0,11.9,0,월,False,False
2025-03-25,06-07,3222,154709.0,10.8,1,화,False,False
2025-03-25,07-08,8585,437319.0,10.4,1,화,False,False
2025-03-25,08-09,12271,517641.0,10.9,1,화,False,False
2025-03-25,09-10,5859,298527.0,12.4,1,화,False,False
2025-03-25,10-11,3883,200692.0,13.6,1,화,False,False
2025-03-25,11-12,4522,191710.0,15.6,1,화,False,False
2025-03-25,12-13,4613,204284.0,17.8,1,화,False,False
2025-03-25,13-14,4575,211755.0,18.9,1,화,False,False
2025-03-25,14-15,4148,224503.0,21.4,1,화,False,False
2025-03-25,15-16,4386,259062.0,18.5,1,화,False,False
2025-03-25,16-17,6485,328345.0,15.8,1,화,False,False
2025-03-25,17-18,9441,473685.0,13.8,1,화,False,False
2025-03-25,18-19,12594,614017.0,13.3,1,화,False,False
2025-03-25,19-20,7369,309455.0,11.7,1,화,False,False
2025-03-25,20-21,5468,240194.0,10.4,1,화,False,False
2025-03-25,21-22,5097,226565.0,9.8,1,화,False,False
2025-03-25,22-23,4287,165913.0,9.2,1,화,False,False
2025-03-25,23-24,2295,67722.0,8.8,1,화,False,False
2025-03-26,06-07,3189,152770.0,6.1,2,수,False,False
2025-03-26,07-08,8641,432677.0,6.3,2,수,False,False
2025-03-26,08-09,12177,509943.0,7.9,2,수,False,False
2025-03-26,09-10,5867,294932.0,10.3,2,수,False,False
2025-03-26,10-11,4159,199944.0,12.7,2,수,False,False
2025-03-26,11-12,4734,194305.0,15.4,2,수,False,False
2025-03-26,12-13,5298,209825.0,17.4,2,수,False,False
2025-03-26,13-14,5121,216496.0,19.4,2,수,False,False
2025-03-26,14-15,5082,224230.0,21.4,2,수,False,False
2025-03-26,15-16,5619,262763.0,22.4,2,수,False,False
2025-03-26,16-17,8255,334798.0,23.5,2,수,False,False
2025-03-26,17-18,12147,486861.0,23.6,2,수,False,False
2025-03-26,18-19,15470,612222.0,22.9,2,수,False,False
2025-03-26,19-20,9471,305193.0,21.4,2,수,False,False
2025-03-26,20-21,7727,242176.0,19.6,2,수,False,False
2025-03-26,21-22,6768,239494.0,18.8,2,수,False,False
2025-03-26,22-23,5456,174851.0,17.9,2,수,False,False
2025-03-26,23-24,3157,75490.0,18.3,2,수,False,False
2025-03-27,06-07,2390,149115.0,15.9,3,목,False,False
2025-03-27,07-08,5111,424791.0,13.7,3,목,False,False
2025-03-27,08-09,8358,510127.0,13.1,3,목,False,False
2025-03-27,09-10,3519,291095.0,13.2,3,목,False,False
2025-03-27,10-11,3171,194000.0,13.6,3,목,False,False
2025-03-27,11-12,3869,187102.0,14.3,3,목,False,False
2025-03-27,12-13,4372,203732.0,14.2,3,목,False,False
2025-03-27,13-14,4470,211680.0,14.8,3,목,False,False
2025-03-27,14-15,4763,221078.0,16.4,3,목,False,False
2025-03-27,15-16,5581,261665.0,17.6,3,목,False,False
2025-03-27,16-17,7758,337873.0,17.9,3,목,False,False
2025-03-27,17-18,10239,483201.0,16.5,3,목,False,False
2025-03-27,18-19,12354,617387.0,13.6,3,목,False,False
2025-03-27,19-20,7184,314073.0,12.4,3,목,False,False
2025-03-27,20-21,4715,258126.0,11.3,3,목,False,False
2025-03-27,21-22,1775,249595.0,10.3,3,목,False,False
2025-03-27,22-23,2447,175985.0,8.3,3,목,False,False
2025-03-27,23-24,1951,76654.0,7.4,3,목,False,False
2025-03-28,06-07,2755,146505.0,3.8,4,금,False,False
2025-03-28,07-08,7445,408768.0,3.7,4,금,False,False
2025-03-28,08-09,10665,485506.0,4.1,4,금,False,False
2025-03-28,09-10,5132,282454.0,4.5,4,금,False,False
2025-03-28,10-11,3714,203043.0,5.9,4,금,False,False
2025-03-28,11-12,4539,202704.0,8.2,4,금,False,False
2025-03-28,12-13,4989,224200.0,9.5,4,금,False,False
2025-03-28,13-14,5033,236410.0,11.0,4,금,False,False
2025-03-28,14-15,5324,252959.0,11.4,4,금,False,False
2025-03-28,15-16,6517,306217.0,11.4,4,금,False,False
2025-03-28,16-17,7395,374675.0,11.2,4,금,False,False
2025-03-28,17-18,10021,516639.0,10.5,4,금,False,False
2025-03-28,18-19,11340,619272.0,9.3,4,금,False,False
2025-03-28,19-20,6364,317981.0,7.7,4,금,False,False
2025-03-28,20-21,4518,257269.0,6.5,4,금,False,False
2025-03-28,21-22,4050,233532.0,5.2,4,금,False,False
2025-03-28,22-23,3789,197681.0,4.5,4,금,False,False
2025-03-28,23-24,2448,100528.0,4.0,4,금,False,False
2025-03-29,06-07,1005,64482.0,0.9,5,토,True,False
2025-03-29,07-08,1827,97717.0,0.9,5,토,True,False
2025-03-29,08-09,3329,165798.0,2.9,5,토,True,False
2025-03-29,09-10,3519,201851.0,5.0,5,토,True,False
2025-03-29,10-11,2836,214447.0,5.5,5,토,True,False
2025-03-29,11-12,3123,243785.0,3.9,5,토,True,False
2025-03-29,12-13,3816,276146.0,5.3,5,토,True,False
2025-03-29,13-14,4255,293184.0,5.7,5,토,True,False
2025-03-29,14-15,4392,291394.0,5.2,5,토,True,False
2025-03-29,15-16,4733,313386.0,6.5,5,토,True,False
2025-03-29,16-17,4614,354656.0,5.6,5,토,True,False
2025-03-29,17-18,4572,324481.0,5.4,5,토,True,False
2025-03-29,18-19,3743,272906.0,4.6,5,토,True,False
2025-03-29,19-20,2701,226521.0,3.1,5,토,True,False
2025-03-29,20-21,2326,222770.0,2.0,5,토,True,False
2025-03-29,21-22,2332,187354.0,1.6,5,토,True,False
2025-03-29,22-23,2058,148752.0,1.3,5,토,True,False
2025-03-29,23-24,1597,67464.0,1.0,5,토,True,False
2025-03-30,06-07,689,43219.0,-1.2,6,일,True,False
2025-03-30,07-08,1124,62349.0,-1.7,6,일,True,False
2025-03-30,08-09,2069,105981.0,0.1,6,일,True,False
2025-03-30,09-10,2867,145665.0,2.7,6,일,True,False
2025-03-30,10-11,3320,162193.0,4.9,6,일,True,False
2025-03-30,11-12,3520,169397.0,5.7,6,일,True,False
2025-03-30,12-13,3371,208037.0,5.1,6,일,True,False
2025-03-30,13-14,3239,214117.0,5.3,6,일,True,False
2025-03-30,14-15,3409,212071.0,6.2,6,일,True,False
2025-03-30,15-16,3520,212524.0,4.7,6,일,True,False
2025-03-30,16-17,4204,224544.0,5.2,6,일,True,False
2025-03-30,17-18,4651,206673.0,7.4,6,일,True,False
2025-03-30,18-19,4054,187845.0,6.9,6,일,True,False
2025-03-30,19-20,3069,162565.0,5.6,6,일,True,False
2025-03-30,20-21,2734,154005.0,4.8,6,일,True,False
2025-03-30,21-22,2624,131874.0,4.6,6,일,True,False
2025-03-30,22-23,2100,97541.0,4.5,6,일,True,False
2025-03-30,23-24,1579,40150.0,4.4,6,일,True,False
2025-03-31,06-07,2793,154119.0,1.3,0,월,False,False
2025-03-31,07-08,7431,425959.0,1.5,0,월,False,False
2025-03-31,08-09,10766,496373.0,3.5,0,월,False,False
2025-03-31,09-10,5363,283530.0,6.1,0,월,False,False
2025-03-31,10-11,3581,191495.0,8.6,0,월,False,False
2025-03-31,11-12,4319,185890.0,10.1,0,월,False,False
2025-03-31,12-13,4813,198833.0,11.5,0,월,False,False
2025-03-31,13-14,4640,204124.0,12.7,0,월,False,False
2025-03-31,14-15,4922,213906.0,13.5,0,월,False,False
2025-03-31,15-16,6027,254981.0,13.6,0,월,False,False
2025-03-31,16-17,7074,310964.0,13.7,0,월,False,False
2025-03-31,17-18,10356,451305.0,12.7,0,월,False,False
2025-03-31,18-19,13109,602287.0,11.5,0,월,False,False
2025-03-31,19-20,7882,308943.0,10.0,0,월,False,False
2025-03-31,20-21,5861,232594.0,8.8,0,월,False,False
2025-03-31,21-22,5040,200141.0,7.9,0,월,False,False
2025-03-31,22-23,4192,144940.0,7.2,0,월,False,False
2025-03-31,23-24,2378,59568.0,7.1,0,월,False,False
2025-06-01,06-07,1580,49416.0,17.1,6,일,True,False
2025-06-01,07-08,2289,65387.0,18.0,6,일,True,False
2025-06-01,08-09,3527,112996.0,20.2,6,일,True,False
2025-06-01,09-10,4581,153156.0,22.1,6,일,True,False
2025-06-01,10-11,5427,165956.0,23.5,6,일,True,False
2025-06-01,11-12,5974,167211.0,25.3,6,일,True,False
2025-06-01,12-13,6918,198875.0,26.9,6,일,True,False
2025-06-01,13-14,7421,213091.0,27.6,6,일,True,False
2025-06-01,14-15,7690,212705.0,28.6,6,일,True,False
2025-06-01,15-16,8409,222924.0,29.1,6,일,True,False
2025-06-01,16-17,9378,225742.0,28.2,6,일,True,False
2025-06-01,17-18,10250,210761.0,26.6,6,일,True,False
2025-06-01,18-19,10347,187528.0,25.3,6,일,True,False
2025-06-01,19-20,9457,161783.0,24.0,6,일,True,False
2025-06-01,20-21,8967,169841.0,22.7,6,일,True,False
2025-06-01,21-22,7657,140813.0,22.2,6,일,True,False
2025-06-01,22-23,5728,103462.0,21.4,6,일,True,False
2025-06-01,23-24,3642,41738.0,20.9,6,일,True,False
2025-06-02,06-07,4148,154350.0,19.3,0,월,False,False
2025-06-02,07-08,10182,409889.0,19.5,0,월,False,False
2025-06-02,08-09,13120,476932.0,19.9,0,월,False,False
2025-06-02,09-10,5953,275860.0,20.5,0,월,False,False
2025-06-02,10-11,3449,190756.0,21.2,0,월,False,False
2025-06-02,11-12,2735,186614.0,21.1,0,월,False,False
2025-06-02,12-13,3235,199006.0,21.4,0,월,False,False
2025-06-02,13-14,3731,201360.0,22.1,0,월,False,False
2025-06-02,14-15,5081,211539.0,22.3,0,월,False,False
2025-06-02,15-16,6853,255810.0,22.9,0,월,False,False
2025-06-02,16-17,8916,309556.0,23.0,0,월,False,False
2025-06-02,17-18,13125,447481.0,23.0,0,월,False,False
2025-06-02,18-19,17238,586712.0,22.6,0,월,False,False
2025-06-02,19-20,11536,292155.0,22.0,0,월,False,False
2025-06-02,20-21,9604,219211.0,21.4,0,월,False,False
2025-06-02,21-22,8883,205446.0,21.1,0,월,False,False
2025-06-02,22-23,7630,160056.0,20.8,0,월,False,False
2025-06-02,23-24,4863,80789.0,20.5,0,월,False,False
2025-06-03,06-07,2098,57157.0,18.0,1,화,False,True
2025-06-03,07-08,3306,82455.0,18.6,1,화,False,True
2025-06-03,08-09,4853,126776.0,20.0,1,화,False,True
2025-06-03,09-10,5895,154980.0,21.4,1,화,False,True
2025-06-03,10-11,6695,166581.0,23.0,1,화,False,True
2025-06-03,11-12,7717,181051.0,24.2,1,화,False,True
2025-06-03,12-13,9009,197390.0,24.7,1,화,False,True
2025-06-03,13-14,9697,206389.0,24.4,1,화,False,True
2025-06-03,14-15,10074,212317.0,23.7,1,화,False,True
2025-06-03,15-16,11114,227052.0,23.7,1,화,False,True
2025-06-03,16-17,11827,235929.0,23.3,1,화,False,True
2025-06-03,17-18,12524,221956.0,23.5,1,화,False,True
2025-06-03,18-19,12281,194089.0,23.3,1,화,False,True
2025-06-03,19-20,10765,160570.0,22.1,1,화,False,True
2025-06-03,20-21,8802,175450.0,20.4,1,화,False,True
2025-06-03,21-22,7197,144269.0,19.2,1,화,False,True
2025-06-03,22-23,5381,110404.0,18.3,1,화,False,True
2025-06-03,23-24,3464,44121.0,17.5,1,화,False,True
2025-06-04,06-07,4731,161956.0,15.5,2,수,False,False
2025-06-04,07-08,11114,430557.0,16.4,2,수,False,False
2025-06-04,08-09,14497,500673.0,18.6,2,수,False,False
2025-06-04,09-10,7016,285606.0,20.3,2,수,False,False
2025-06-04,10-11,4766,194006.0,22.3,2,수,False,False
2025-06-04,11-12,5487,186687.0,23.5,2,수,False,False
2025-06-04,12-13,5807,204286.0,24.8,2,수,False,False
2025-06-04,13-14,5638,209699.0,24.9,2,수,False,False
2025-06-04,14-15,5563,219495.0,24.8,2,수,False,False
2025-06-04,15-16,6380,253189.0,24.9,2,수,False,False
2025-06-04,16-17,9350,317520.0,24.3,2,수,False,False
2025-06-04,17-18,14889,467427.0,23.3,2,수,False,False
2025-06-04,18-19,19096,592019.0,23.1,2,수,False,False
2025-06-04,19-20,12982,295325.0,22.3,2,수,False,False
2025-06-04,20-21,10509,231462.0,21.2,2,수,False,False
2025-06-04,21-22,9251,214133.0,20.4,2,수,False,False
2025-06-04,22-23,7123,163383.0,19.8,2,수,False,False
2025-06-04,23-24,4052,65251.0,19.2,2,수,False,False
2025-06-05,06-07,4599,155401.0,15.7,3,목,False,False
2025-06-05,07-08,11198,415501.0,16.6,3,목,False,False
2025-06-05,08-09,14905,492670.0,19.0,3,목,False,False
2025-06-05,09-10,7462,286401.0,21.2,3,목,False,False
2025-06-05,10-11,5234,201835.0,23.5,3,목,False,False
2025-06-05,11-12,6208,198755.0,24.8,3,목,False,False
2025-06-05,12-13,6436,218854.0,25.6,3,목,False,False
2025-06-05,13-14,5954,224654.0,26.4,3,목,False,False
2025-06-05,14-15,6066,239015.0,26.6,3,목,False,False
2025-06-05,15-16,7005,276363.0,26.4,3,목,False,False
2025-06-05,16-17,9775,341895.0,26.6,3,목,False,False
2025-06-05,17-18,14208,480759.0,26.8,3,목,False,False
2025-06-05,18-19,18670,598528.0,26.1,3,목,False,False
2025-06-05,19-20,12575,309134.0,25.0,3,목,False,False
2025-06-05,20-21,10257,243160.0,23.0,3,목,False,False
2025-06-05,21-22,9336,225349.0,21.6,3,목,False,False
2025-06-05,22-23,8035,193719.0,20.9,3,목,False,False
2025-06-05,23-24,5084,92451.0,20.6,3,목,False,False
2025-06-06,06-07,1758,62486.0,17.9,4,금,False,True
2025-06-06,07-08,2602,80919.0,19.1,4,금,False,True
2025-06-06,08-09,3883,128125.0,21.1,4,금,False,True
2025-06-06,09-10,5047,169308.0,23.8,4,금,False,True
2025-06-06,10-11,5690,182337.0,25.8,4,금,False,True
2025-06-06,11-12,6347,200442.0,26.9,4,금,False,True
2025-06-06,12-13,6945,214132.0,28.5,4,금,False,True
2025-06-06,13-14,7194,222656.0,29.2,4,금,False,True
2025-06-06,14-15,7456,235677.0,29.7,4,금,False,True
2025-06-06,15-16,8082,254257.0,29.4,4,금,False,True
2025-06-06,16-17,9101,274263.0,29.0,4,금,False,True
2025-06-06,17-18,10069,254917.0,27.8,4,금,False,True
2025-06-06,18-19,10684,216969.0,27.2,4,금,False,True
2025-06-06,19-20,10324,188544.0,25.7,4,금,False,True
2025-06-06,20-21,9800,189532.0,24.9,4,금,False,True
2025-06-06,21-22,8774,169520.0,24.1,4,금,False,True
2025-06-06,22-23,7317,141781.0,23.5,4,금,False,True
2025-06-06,23-24,5000,63859.0,23.0,4,금,False,True
2025-06-07,06-07,1812,61238.0,19.8,5,토,True,False
2025-06-07,07-08,2838,90739.0,20.6,5,토,True,False
2025-06-07,08-09,4496,150609.0,22.9,5,토,True,False
2025-06-07,09-10,5705,185019.0,23.7,5,토,True,False
2025-06-07,10-11,5980,194907.0,25.3,5,토,True,False
2025-06-07,11-12,6588,212521.0,24.9,5,토,True,False
2025-06-07,12-13,6941,234057.0,25.2,5,토,True,False
2025-06-07,13-14,7365,247347.0,26.1,5,토,True,False
2025-06-07,14-15,7865,251723.0,27.0,5,토,True,False
2025-06-07,15-16,8290,261436.0,27.9,5,토,True,False
2025-06-07,16-17,9425,280790.0,28.2,5,토,True,False
2025-06-07,17-18,10391,260082.0,27.2,5,토,True,False
2025-06-07,18-19,10249,223810.0,25.7,5,토,True,False
2025-06-07,19-20,9672,184048.0,24.7,5,토,True,False
2025-06-07,20-21,9044,192587.0,24.0,5,토,True,False
2025-06-07,21-22,7997,172529.0,23.5,5,토,True,False
2025-06-07,22-23,5836,133166.0,23.0,5,토,True,False
2025-06-07,23-24,3568,58320.0,22.3,5,토,True,False
2025-06-08,06-07,1350,44467.0,21.5,6,일,True,False
2025-06-08,07-08,2205,61377.0,21.9,6,일,True,False
2025-06-08,08-09,3412,105624.0,22.7,6,일,True,False
2025-06-08,09-10,4481,143402.0,23.5,6,일,True,False
2025-06-08,10-11,5230,156301.0,25.8,6,일,True,False
2025-06-08,11-12,5439,155743.0,25.8,6,일,True,False
2025-06-08,12-13,6517,182000.0,28.5,6,일,True,False
2025-06-08,13-14,7025,196052.0,29.2,6,일,True,False
2025-06-08,14-15,7472,196374.0,30.1,6,일,True,False
2025-06-08,15-16,7921,201671.0,29.8,6,일,True,False
2025-06-08,16-17,8812,206786.0,29.1,6,일,True,False
2025-06-08,17-18,9583,190333.0,28.6,6,일,True,False
2025-06-08,18-19,9775,171658.0,27.9,6,일,True,False
2025-06-08,19-20,9569,150112.0,26.7,6,일,True,False
2025-06-08,20-21,9075,162211.0,25.5,6,일,True,False
2025-06-08,21-22,7631,128662.0,24.6,6,일,True,False
2025-06-08,22-23,5530,92471.0,24.1,6,일,True,False
2025-06-08,23-24,3567,37636.0,23.4,6,일,True,False
2025-06-09,06-07,4672,162152.0,20.7,0,월,False,False
2025-06-09,07-08,11231,429786.0,21.1,0,월,False,False
2025-06-09,08-09,14295,494246.0,22.0,0,월,False,False
2025-06-09,09-10,6757,281673.0,23.1,0,월,False,False
2025-06-09,10-11,4649,192982.0,24.7,0,월,False,False
2025-06-09,11-12,5225,188669.0,26.1,0,월,False,False
2025-06-09,12-13,5262,200960.0,27.9,0,월,False,False
2025-06-09,13-14,5033,203839.0,29.5,0,월,False,False
2025-06-09,14-15,5145,213457.0,29.6,0,월,False,False
2025-06-09,15-16,6353,251470.0,29.7,0,월,False,False
2025-06-09,16-17,8082,302481.0,29.9,0,월,False,False
2025-06-09,17-18,13474,445557.0,29.7,0,월,False,False
2025-06-09,18-19,18913,589830.0,27.5,0,월,False,False
2025-06-09,19-20,12818,291930.0,25.2,0,월,False,False
2025-06-09,20-21,10828,218358.0,23.3,0,월,False,False
2025-06-09,21-22,9320,189480.0,22.2,0,월,False,False
2025-06-09,22-23,7235,135890.0,21.7,0,월,False,False
2025-06-09,23-24,4046,55592.0,21.3,0,월,False,False
2025-06-10,06-07,4879,161671.0,19.9,1,화,False,False
2025-06-10,07-08,11849,434794.0,21.0,1,화,False,False
2025-06-10,08-09,15637,510459.0,22.2,1,화,False,False
2025-06-10,09-10,7277,291883.0,22.9,1,화,False,False
2025-06-10,10-11,4815,198086.0,23.3,1,화,False,False
2025-06-10,11-12,5438,190473.0,22.9,1,화,False,False
2025-06-10,12-13,5868,201494.0,22.7,1,화,False,False
2025-06-10,13-14,5459,208479.0,22.6,1,화,False,False
2025-06-10,14-15,5436,219298.0,22.9,1,화,False,False
2025-06-10,15-16,6352,253809.0,23.7,1,화,False,False
2025-06-10,16-17,9402,320710.0,24.0,1,화,False,False
2025-06-10,17-18,14165,464260.0,25.2,1,화,False,False
2025-06-10,18-19,19212,601723.0,24.3,1,화,False,False
2025-06-10,19-20,12645,298391.0,22.5,1,화,False,False
2025-06-10,20-21,10260,228040.0,21.6,1,화,False,False
2025-06-10,21-22,9184,216454.0,20.8,1,화,False,False
2025-06-10,22-23,7449,168649.0,19.9,1,화,False,False
2025-06-10,23-24,4245,65608.0,19.6,1,화,False,False
2025-06-11,06-07,4672,159418.0,16.0,2,수,False,False
2025-06-11,07-08,11618,429225.0,17.5,2,수,False,False
2025-06-11,08-09,15242,505938.0,19.6,2,수,False,False
2025-06-11,09-10,7264,290035.0,22.2,2,수,False,False
2025-06-11,10-11,4816,198310.0,23.9,2,수,False,False
2025-06-11,11-12,5498,192746.0,25.8,2,수,False,False
2025-06-11,12-13,5653,209094.0,27.1,2,수,False,False
2025-06-11,13-14,5543,217245.0,28.0,2,수,False,False
2025-06-11,14-15,5571,225889.0,27.8,2,수,False,False
2025-06-11,15-16,6878,264943.0,28.3,2,수,False,False
2025-06-11,16-17,8710,323054.0,28.1,2,수,False,False
2025-06-11,17-18,14011,474116.0,27.7,2,수,False,False
2025-06-11,18-19,18764,601501.0,27.2,2,수,False,False
2025-06-11,19-20,12651,293643.0,25.3,2,수,False,False
2025-06-11,20-21,10451,232949.0,24.1,2,수,False,False
2025-06-11,21-22,9358,221802.0,22.8,2,수,False,False
2025-06-11,22-23,7532,166560.0,21.7,2,수,False,False
2025-06-11,23-24,4407,69318.0,21.1,2,수,False,False
2025-06-12,06-07,4763,159026.0,17.9,3,목,False,False
2025-06-12,07-08,11594,425456.0,19.7,3,목,False,False
2025-06-12,08-09,15190,504515.0,22.1,3,목,False,False
2025-06-12,09-10,7207,294173.0,24.3,3,목,False,False
2025-06-12,10-11,4667,202804.0,26.4,3,목,False,False
2025-06-12,11-12,5241,196146.0,28.1,3,목,False,False
2025-06-12,12-13,5550,212800.0,29.7,3,목,False,False
2025-06-12,13-14,4857,218810.0,31.1,3,목,False,False
2025-06-12,14-15,5033,228269.0,31.9,3,목,False,False
2025-06-12,15-16,5835,263439.0,32.5,3,목,False,False
2025-06-12,16-17,8676,334884.0,32.7,3,목,False,False
2025-06-12,17-18,13384,474063.0,32.3,3,목,False,False
2025-06-12,18-19,18195,597084.0,30.3,3,목,False,False
2025-06-12,19-20,12418,298243.0,28.6,3,목,False,False
2025-06-12,20-21,10317,238778.0,27.2,3,목,False,False
2025-06-12,21-22,9433,224823.0,26.1,3,목,False,False
2025-06-12,22-23,7784,179690.0,25.6,3,목,False,False
2025-06-12,23-24,4556,76571.0,24.9,3,목,False,False
2025-06-13,06-07,4429,152854.0,21.1,4,금,False,False
2025-06-13,07-08,11186,408850.0,21.8,4,금,False,False
2025-06-13,08-09,14582,488656.0,23.6,4,금,False,False
2025-06-13,09-10,6992,283793.0,25.4,4,금,False,False
2025-06-13,10-11,4924,204214.0,27.0,4,금,False,False
2025-06-13,11-12,5779,203582.0,28.5,4,금,False,False
2025-06-13,12-13,6164,222173.0,28.7,4,금,False,False
2025-06-13,13-14,6116,234876.0,29.0,4,금,False,False
2025-06-13,14-15,6283,247376.0,28.6,4,금,False,False
2025-06-13,15-16,7875,295215.0,27.8,4,금,False,False
2025-06-13,16-17,9585,362576.0,27.5,4,금,False,False
2025-06-13,17-18,6332,516795.0,26.4,4,금,False,False
2025-06-13,18-19,3554,610739.0,24.5,4,금,False,False
2025-06-13,19-20,2309,297366.0,23.0,4,금,False,False
2025-06-13,20-21,2606,226837.0,22.1,4,금,False,False
2025-06-13,21-22,1340,221398.0,21.9,4,금,False,False
2025-06-13,22-23,2651,184064.0,20.4,4,금,False,False
2025-06-13,23-24,2608,94154.0,20.2,4,금,False,False
2025-06-14,06-07,1698,67579.0,20.8,5,토,True,False
2025-06-14,07-08,2832,103071.0,21.1,5,토,True,False
2025-06-14,08-09,4737,170585.0,21.8,5,토,True,False
2025-06-14,09-10,5877,204773.0,22.9,5,토,True,False
2025-06-14,10-11,6225,217577.0,24.6,5,토,True,False
2025-06-14,11-12,6429,244915.0,26.7,5,토,True,False
2025-06-14,12-13,6995,269266.0,28.2,5,토,True,False
2025-06-14,13-14,7144,281065.0,30.1,5,토,True,False
2025-06-14,14-15,7097,285118.0,30.8,5,토,True,False
2025-06-14,15-16,7212,302121.0,31.6,5,토,True,False
2025-06-14,16-17,7888,328986.0,31.2,5,토,True,False
2025-06-14,17-18,8669,306031.0,32.1,5,토,True,False
2025-06-14,18-19,9180,252820.0,31.6,5,토,True,False
2025-06-14,19-20,9153,207763.0,29.6,5,토,True,False
2025-06-14,20-21,9155,212272.0,27.6,5,토,True,False
2025-06-14,21-22,8733,192127.0,25.8,5,토,True,False
2025-06-14,22-23,7298,158525.0,24.5,5,토,True,False
2025-06-14,23-24,5165,72251.0,24.1,5,토,True,False
2025-06-15,06-07,1584,49094.0,21.8,6,일,True,False
2025-06-15,07-08,2528,67904.0,22.9,6,일,True,False
2025-06-15,08-09,3619,112476.0,24.3,6,일,True,False
2025-06-15,09-10,4647,152238.0,25.8,6,일,True,False
2025-06-15,10-11,5357,163976.0,27.6,6,일,True,False
2025-06-15,11-12,5339,166729.0,28.9,6,일,True,False
2025-06-15,12-13,6335,198223.0,30.2,6,일,True,False
2025-06-15,13-14,6196,208527.0,31.5,6,일,True,False
2025-06-15,14-15,6208,208940.0,32.7,6,일,True,False
2025-06-15,15-16,6910,215780.0,33.0,6,일,True,False
2025-06-15,16-17,7506,221289.0,31.2,6,일,True,False
2025-06-15,17-18,6039,202383.0,30.2,6,일,True,False
2025-06-15,18-19,4185,177153.0,28.4,6,일,True,False
2025-06-15,19-20,4067,149960.0,26.4,6,일,True,False
2025-06-15,20-21,3116,146232.0,26.4,6,일,True,False
2025-06-15,21-22,1774,123124.0,25.5,6,일,True,False
2025-06-15,22-23,672,88672.0,24.7,6,일,True,False
2025-06-15,23-24,299,33173.0,23.6,6,일,True,False
2025-06-16,06-07,2294,157534.0,22.3,0,월,False,False
2025-06-16,07-08,4574,419471.0,22.2,0,월,False,False
2025-06-16,08-09,7282,495621.0,22.3,0,월,False,False
2025-06-16,09-10,4527,279032.0,22.6,0,월,False,False
2025-06-16,10-11,3473,190729.0,23.2,0,월,False,False
2025-06-16,11-12,4171,187176.0,24.0,0,월,False,False
2025-06-16,12-13,4660,200754.0,24.6,0,월,False,False
2025-06-16,13-14,1275,203933.0,25.1,0,월,False,False
2025-06-16,14-15,2498,208719.0,23.3,0,월,False,False
2025-06-16,15-16,4262,249060.0,24.1,0,월,False,False
2025-06-16,16-17,6393,293491.0,23.5,0,월,False,False
2025-06-16,17-18,10997,440263.0,23.7,0,월,False,False
2025-06-16,18-19,15469,593025.0,23.6,0,월,False,False
2025-06-16,19-20,10302,288386.0,23.4,0,월,False,False
2025-06-16,20-21,8573,213366.0,23.1,0,월,False,False
2025-06-16,21-22,7846,187359.0,22.6,0,월,False,False
2025-06-16,22-23,6338,135313.0,22.2,0,월,False,False
2025-06-16,23-24,3783,57006.0,22.0,0,월,False,False
2025-06-17,06-07,4733,160336.0,21.4,1,화,False,False
2025-06-17,07-08,11440,427498.0,21.9,1,화,False,False
2025-06-17,08-09,14803,501587.0,22.6,1,화,False,False
2025-06-17,09-10,7095,286046.0,23.4,1,화,False,False
2025-06-17,10-11,4613,199864.0,24.7,1,화,False,False
2025-06-17,11-12,5409,192536.0,26.3,1,화,False,False
2025-06-17,12-13,5588,206422.0,27.4,1,화,False,False
2025-06-17,13-14,5178,213798.0,27.6,1,화,False,False
2025-06-17,14-15,5059,222244.0,28.4,1,화,False,False
2025-06-17,15-16,5960,255856.0,28.8,1,화,False,False
2025-06-17,16-17,9149,321616.0,29.4,1,화,False,False
2025-06-17,17-18,13398,466266.0,28.9,1,화,False,False
2025-06-17,18-19,18509,598535.0,28.2,1,화,False,False
2025-06-17,19-20,12636,294825.0,27.2,1,화,False,False
2025-06-17,20-21,10555,233639.0,25.9,1,화,False,False
2025-06-17,21-22,9667,223437.0,24.9,1,화,False,False
2025-06-17,22-23,7460,159879.0,24.3,1,화,False,False
2025-06-17,23-24,4232,65568.0,23.8,1,화,False,False
2025-06-18,06-07,4717,158799.0,21.3,2,수,False,False
2025-06-18,07-08,11556,420712.0,21.8,2,수,False,False
2025-06-18,08-09,15282,497218.0,22.8,2,수,False,False
2025-06-18,09-10,6984,283963.0,23.7,2,수,False,False
2025-06-18,10-11,4821,198003.0,25.6,2,수,False,False
2025-06-18,11-12,5228,194312.0,26.7,2,수,False,False
2025-06-18,12-13,5562,209836.0,27.9,2,수,False,False
2025-06-18,13-14,5197,221149.0,29.2,2,수,False,False
2025-06-18,14-15,5151,228245.0,30.1,2,수,False,False
2025-06-18,15-16,6643,269398.0,30.5,2,수,False,False
2025-06-18,16-17,8209,324634.0,30.5,2,수,False,False
2025-06-18,17-18,13337,474872.0,30.1,2,수,False,False
2025-06-18,18-19,18505,600108.0,29.2,2,수,False,False
2025-06-18,19-20,12283,293854.0,27.9,2,수,False,False
2025-06-18,20-21,10267,233520.0,26.7,2,수,False,False
2025-06-18,21-22,9324,219370.0,25.8,2,수,False,False
2025-06-18,22-23,7736,171273.0,25.0,2,수,False,False
2025-06-18,23-24,4426,71190.0,24.3,2,수,False,False
2025-06-19,06-07,4839,158679.0,21.1,3,목,False,False
2025-06-19,07-08,11668,419294.0,22.8,3,목,False,False
2025-06-19,08-09,14947,495293.0,24.6,3,목,False,False
2025-06-19,09-10,7001,285262.0,26.8,3,목,False,False
2025-06-19,10-11,4639,199788.0,28.0,3,목,False,False
2025-06-19,11-12,5210,194848.0,29.9,3,목,False,False
2025-06-19,12-13,5448,211469.0,31.2,3,목,False,False
2025-06-19,13-14,4902,220905.0,32.3,3,목,False,False
2025-06-19,14-15,5002,228993.0,33.5,3,목,False,False
2025-06-19,15-16,5974,263161.0,33.6,3,목,False,False
2025-06-19,16-17,9015,331737.0,32.9,3,목,False,False
2025-06-19,17-18,12914,475124.0,32.3,3,목,False,False
2025-06-19,18-19,17152,589133.0,31.4,3,목,False,False
2025-06-19,19-20,11384,295207.0,30.9,3,목,False,False
2025-06-19,20-21,8957,238268.0,30.4,3,목,False,False
2025-06-19,21-22,7174,233888.0,30.1,3,목,False,False
2025-06-19,22-23,6090,172368.0,28.3,3,목,False,False
2025-06-19,23-24,3756,73366.0,28.2,3,목,False,False
2025-06-20,06-07,176,143388.0,24.5,4,금,False,False
2025-06-20,07-08,630,389404.0,24.4,4,금,False,False
2025-06-20,08-09,1203,466509.0,24.6,4,금,False,False
2025-06-20,09-10,506,267622.0,24.7,4,금,False,False
2025-06-20,10-11,230,187595.0,24.9,4,금,False,False
2025-06-20,11-12,246,185672.0,24.8,4,금,False,False
2025-06-20,12-13,992,203835.0,25.0,4,금,False,False
2025-06-20,13-14,599,215366.0,25.5,4,금,False,False
2025-06-20,14-15,277,225907.0,25.2,4,금,False,False
2025-06-20,15-16,412,268883.0,24.7,4,금,False,False
2025-06-20,16-17,225,333355.0,24.3,4,금,False,False
2025-06-20,17-18,304,478753.0,23.6,4,금,False,False
2025-06-20,18-19,528,580948.0,23.4,4,금,False,False
2025-06-20,19-20,553,280193.0,23.4,4,금,False,False
2025-06-20,20-21,681,211345.0,22.9,4,금,False,False
2025-06-20,21-22,529,201257.0,22.7,4,금,False,False
2025-06-20,22-23,823,169515.0,22.5,4,금,False,False
2025-06-20,23-24,625,85163.0,22.3,4,금,False,False
2025-06-21,06-07,1214,64219.0,20.8,5,토,True,False
2025-06-21,07-08,2191,97773.0,21.0,5,토,True,False
2025-06-21,08-09,3606,161917.0,21.3,5,토,True,False
2025-06-21,09-10,4392,192097.0,21.5,5,토,True,False
2025-06-21,10-11,4904,204824.0,21.6,5,토,True,False
2025-06-21,11-12,5621,227902.0,22.2,5,토,True,False
2025-06-21,12-13,6368,259184.0,22.7,5,토,True,False
2025-06-21,13-14,5679,269794.0,23.0,5,토,True,False
2025-06-21,14-15,5432,269634.0,23.0,5,토,True,False
2025-06-21,15-16,6852,287313.0,23.5,5,토,True,False
2025-06-21,16-17,7870,310164.0,24.0,5,토,True,False
2025-06-21,17-18,8511,291414.0,24.0,5,토,True,False
2025-06-21,18-19,8278,241816.0,23.8,5,토,True,False
2025-06-21,19-20,7531,198157.0,22.9,5,토,True,False
2025-06-21,20-21,7537,207039.0,22.3,5,토,True,False
2025-06-21,21-22,7356,187912.0,21.9,5,토,True,False
2025-06-21,22-23,6092,152688.0,21.4,5,토,True,False
2025-06-21,23-24,4465,69753.0,20.9,5,토,True,False
2025-06-22,06-07,1439,47501.0,18.1,6,일,True,False
2025-06-22,07-08,2254,64264.0,18.7,6,일,True,False
2025-06-22,08-09,3413,111200.0,20.5,6,일,True,False
2025-06-22,09-10,4460,151303.0,22.2,6,일,True,False
2025-06-22,10-11,5102,163955.0,23.9,6,일,True,False
2025-06-22,11-12,5547,167961.0,25.0,6,일,True,False
2025-06-22,12-13,6154,195807.0,26.4,6,일,True,False
2025-06-22,13-14,6604,209277.0,27.5,6,일,True,False
2025-06-22,14-15,6661,210095.0,28.1,6,일,True,False
2025-06-22,15-16,7279,221709.0,28.3,6,일,True,False
2025-06-22,16-17,8025,226812.0,28.4,6,일,True,False
2025-06-22,17-18,9141,213384.0,28.2,6,일,True,False
2025-06-22,18-19,9796,189077.0,27.7,6,일,True,False
2025-06-22,19-20,9884,162059.0,26.0,6,일,True,False
2025-06-22,20-21,9429,173454.0,24.4,6,일,True,False
2025-06-22,21-22,8062,141270.0,23.5,6,일,True,False
2025-06-22,22-23,5704,105206.0,22.8,6,일,True,False
2025-06-22,23-24,3797,42088.0,21.9,6,일,True,False
2025-06-23,06-07,4574,161680.0,19.5,0,월,False,False
2025-06-23,07-08,11036,422299.0,20.4,0,월,False,False
2025-06-23,08-09,14007,485327.0,22.5,0,월,False,False
2025-06-23,09-10,6510,274999.0,24.3,0,월,False,False
2025-06-23,10-11,4367,192792.0,26.1,0,월,False,False
2025-06-23,11-12,5142,191633.0,27.4,0,월,False,False
2025-06-23,12-13,5216,204293.0,28.7,0,월,False,False
2025-06-23,13-14,4712,210592.0,29.8,0,월,False,False
2025-06-23,14-15,4884,217649.0,30.9,0,월,False,False
2025-06-23,15-16,6222,258316.0,31.3,0,월,False,False
2025-06-23,16-17,7857,307390.0,31.4,0,월,False,False
2025-06-23,17-18,12764,456061.0,31.4,0,월,False,False
2025-06-23,18-19,18360,599963.0,30.7,0,월,False,False
2025-06-23,19-20,12918,295221.0,29.9,0,월,False,False
2025-06-23,20-21,10773,227231.0,28.9,0,월,False,False
2025-06-23,21-22,9329,199017.0,27.9,0,월,False,False
2025-06-23,22-23,7443,144512.0,27.0,0,월,False,False
2025-06-23,23-24,4252,61747.0,26.5,0,월,False,False
2025-06-24,06-07,4823,158681.0,23.9,1,화,False,False
2025-06-24,07-08,11434,422212.0,24.2,1,화,False,False
2025-06-24,08-09,14929,493454.0,24.6,1,화,False,False
2025-06-24,09-10,7056,278555.0,24.9,1,화,False,False
2025-06-24,10-11,4603,192481.0,25.4,1,화,False,False
2025-06-24,11-12,5360,188717.0,26.9,1,화,False,False
2025-06-24,12-13,5663,204259.0,27.2,1,화,False,False
2025-06-24,13-14,5567,212881.0,27.7,1,화,False,False
2025-06-24,14-15,5565,220604.0,27.8,1,화,False,False
2025-06-24,15-16,6512,256658.0,27.3,1,화,False,False
2025-06-24,16-17,9522,320542.0,27.0,1,화,False,False
2025-06-24,17-18,13539,462214.0,26.9,1,화,False,False
2025-06-24,18-19,17086,599264.0,26.9,1,화,False,False
2025-06-24,19-20,8391,297316.0,26.5,1,화,False,False
2025-06-24,20-21,2665,233882.0,26.1,1,화,False,False
2025-06-24,21-22,926,215941.0,24.5,1,화,False,False
2025-06-24,22-23,1274,155115.0,22.1,1,화,False,False
2025-06-24,23-24,1836,62579.0,20.7,1,화,False,False
2025-06-25,06-07,2541,151802.0,20.1,2,수,False,False
2025-06-25,07-08,2457,410709.0,20.5,2,수,False,False
2025-06-25,08-09,3867,491952.0,20.2,2,수,False,False
2025-06-25,09-10,3010,276980.0,20.1,2,수,False,False
2025-06-25,10-11,1639,188863.0,20.3,2,수,False,False
2025-06-25,11-12,2604,186164.0,20.7,2,수,False,False
2025-06-25,12-13,2624,204158.0,20.8,2,수,False,False
2025-06-25,13-14,3611,213587.0,21.6,2,수,False,False
2025-06-25,14-15,2555,224684.0,22.0,2,수,False,False
2025-06-25,15-16,1883,263428.0,21.9,2,수,False,False
2025-06-25,16-17,1908,316525.0,22.0,2,수,False,False
2025-06-25,17-18,1427,470102.0,21.9,2,수,False,False
2025-06-25,18-19,1638,600325.0,21.8,2,수,False,False
2025-06-25,19-20,1784,291594.0,21.5,2,수,False,False
2025-06-25,20-21,2662,227092.0,21.3,2,수,False,False
2025-06-25,21-22,3214,212400.0,21.2,2,수,False,False
2025-06-25,22-23,3070,161902.0,21.0,2,수,False,False
2025-06-25,23-24,2474,68934.0,20.9,2,수,False,False
2025-06-26,06-07,2991,153733.0,20.0,3,목,False,False
2025-06-26,07-08,8115,410149.0,20.1,3,목,False,False
2025-06-26,08-09,11694,490574.0,20.4,3,목,False,False
2025-06-26,09-10,6325,282824.0,21.8,3,목,False,False
2025-06-26,10-11,4396,195780.0,22.1,3,목,False,False
2025-06-26,11-12,5048,193968.0,23.1,3,목,False,False
2025-06-26,12-13,5325,210245.0,23.1,3,목,False,False
2025-06-26,13-14,5330,221753.0,23.3,3,목,False,False
2025-06-26,14-15,5375,231468.0,23.7,3,목,False,False
2025-06-26,15-16,6039,270700.0,23.5,3,목,False,False
2025-06-26,16-17,8572,325023.0,22.9,3,목,False,False
2025-06-26,17-18,12630,465200.0,23.8,3,목,False,False
2025-06-26,18-19,16625,586450.0,24.2,3,목,False,False
2025-06-26,19-20,11165,292530.0,23.9,3,목,False,False
2025-06-26,20-21,9413,238605.0,23.4,3,목,False,False
2025-06-26,21-22,8811,235509.0,22.6,3,목,False,False
2025-06-26,22-23,7220,179808.0,22.1,3,목,False,False
2025-06-26,23-24,4398,79617.0,21.8,3,목,False,False
2025-06-27,06-07,4084,150643.0,21.4,4,금,False,False
2025-06-27,07-08,10043,394202.0,21.8,4,금,False,False
2025-06-27,08-09,13066,468776.0,22.3,4,금,False,False
2025-06-27,09-10,5846,273911.0,22.7,4,금,False,False
2025-06-27,10-11,4517,200788.0,23.1,4,금,False,False
2025-06-27,11-12,5178,200312.0,23.4,4,금,False,False
2025-06-27,12-13,5952,220854.0,24.4,4,금,False,False
2025-06-27,13-14,5729,233826.0,25.4,4,금,False,False
2025-06-27,14-15,5977,245180.0,26.5,4,금,False,False
2025-06-27,15-16,7184,293575.0,28.0,4,금,False,False
2025-06-27,16-17,8629,362058.0,29.1,4,금,False,False
2025-06-27,17-18,12689,502581.0,29.0,4,금,False,False
2025-06-27,18-19,15751,594310.0,29.1,4,금,False,False
2025-06-27,19-20,10702,299240.0,28.5,4,금,False,False
2025-06-27,20-21,8722,234515.0,27.8,4,금,False,False
2025-06-27,21-22,8034,235282.0,27.3,4,금,False,False
2025-06-27,22-23,7109,193814.0,26.5,4,금,False,False
2025-06-27,23-24,4693,98038.0,26.1,4,금,False,False
2025-06-28,06-07,646,62848.0,24.6,5,토,True,False
2025-06-28,07-08,1063,95298.0,24.5,5,토,True,False
2025-06-28,08-09,2478,155866.0,24.7,5,토,True,False
2025-06-28,09-10,3636,189138.0,25.0,5,토,True,False
2025-06-28,10-11,4466,204515.0,25.9,5,토,True,False
2025-06-28,11-12,5086,225909.0,26.4,5,토,True,False
2025-06-28,12-13,5626,251988.0,26.7,5,토,True,False
2025-06-28,13-14,4760,265406.0,26.9,5,토,True,False
2025-06-28,14-15,5544,263868.0,27.5,5,토,True,False
2025-06-28,15-16,6027,283629.0,27.8,5,토,True,False
2025-06-28,16-17,6814,305564.0,27.9,5,토,True,False
2025-06-28,17-18,7585,284651.0,27.8,5,토,True,False
2025-06-28,18-19,7604,234495.0,27.5,5,토,True,False
2025-06-28,19-20,6886,190529.0,27.1,5,토,True,False
2025-06-28,20-21,6340,195315.0,26.7,5,토,True,False
2025-06-28,21-22,6334,192551.0,26.4,5,토,True,False
2025-06-28,22-23,5493,150157.0,26.2,5,토,True,False
2025-06-28,23-24,3841,65068.0,26.2,5,토,True,False
2025-06-29,06-07,1320,42511.0,25.0,6,일,True,False
2025-06-29,07-08,2064,60481.0,25.0,6,일,True,False
2025-06-29,08-09,3198,104140.0,25.5,6,일,True,False
2025-06-29,09-10,4230,140731.0,26.0,6,일,True,False
2025-06-29,10-11,4710,155123.0,26.3,6,일,True,False
2025-06-29,11-12,5037,159367.0,27.3,6,일,True,False
2025-06-29,12-13,6137,191114.0,27.7,6,일,True,False
2025-06-29,13-14,6293,201105.0,28.2,6,일,True,False
2025-06-29,14-15,6580,200319.0,28.7,6,일,True,False
2025-06-29,15-16,6704,210983.0,29.5,6,일,True,False
2025-06-29,16-17,7068,214612.0,30.0,6,일,True,False
2025-06-29,17-18,7740,203873.0,30.1,6,일,True,False
2025-06-29,18-19,7988,177059.0,29.6,6,일,True,False
2025-06-29,19-20,8261,151223.0,29.4,6,일,True,False
2025-06-29,20-21,8074,163008.0,28.4,6,일,True,False
2025-06-29,21-22,7334,141134.0,27.5,6,일,True,False
2025-06-29,22-23,5195,100912.0,26.6,6,일,True,False
2025-06-29,23-24,3485,39971.0,26.4,6,일,True,False
2025-06-30,06-07,4347,157673.0,25.6,0,월,False,False
2025-06-30,07-08,10357,415912.0,26.0,0,월,False,False
2025-06-30,08-09,13340,477660.0,26.5,0,월,False,False
2025-06-30,09-10,6659,269474.0,27.2,0,월,False,False
2025-06-30,10-11,4495,185485.0,27.9,0,월,False,False
2025-06-30,11-12,5033,184789.0,29.0,0,월,False,False
2025-06-30,12-13,5281,198244.0,29.9,0,월,False,False
2025-06-30,13-14,4849,203621.0,30.4,0,월,False,False
2025-06-30,14-15,4955,207963.0,31.2,0,월,False,False
2025-06-30,15-16,5851,243995.0,30.9,0,월,False,False
2025-06-30,16-17,7395,291853.0,31.0,0,월,False,False
2025-06-30,17-18,12172,437333.0,30.2,0,월,False,False
2025-06-30,18-19,16425,578371.0,29.8,0,월,False,False
2025-06-30,19-20,11469,291659.0,29.9,0,월,False,False
2025-06-30,20-21,10001,222910.0,28.9,0,월,False,False
2025-06-30,21-22,8455,193626.0,28.5,0,월,False,False
2025-06-30,22-23,6663,137844.0,28.4,0,월,False,False
2025-06-30,23-24,3884,58291.0,28.1,0,월,False,False
2025-09-01,06-07,777,155185.0,25.1,0,월,False,False
2025-09-01,07-08,4267,422515.0,25.2,0,월,False,False
2025-09-01,08-09,5445,492161.0,25.4,0,월,False,False
2025-09-01,09-10,2854,277776.0,26.0,0,월,False,False
2025-09-01,10-11,2697,180549.0,26.5,0,월,False,False
2025-09-01,11-12,3439,174871.0,26.8,0,월,False,False
2025-09-01,12-13,3781,187810.0,27.3,0,월,False,False
2025-09-01,13-14,3118,189153.0,28.1,0,월,False,False
2025-09-01,14-15,3321,200969.0,27.5,0,월,False,False
2025-09-01,15-16,4605,241420.0,27.6,0,월,False,False
2025-09-01,16-17,5640,289530.0,27.6,0,월,False,False
2025-09-01,17-18,7832,444830.0,27.9,0,월,False,False
2025-09-01,18-19,8127,601549.0,26.1,0,월,False,False
2025-09-01,19-20,6690,290863.0,25.7,0,월,False,False
2025-09-01,20-21,6483,211086.0,25.5,0,월,False,False
2025-09-01,21-22,6375,174474.0,25.3,0,월,False,False
2025-09-01,22-23,5498,128005.0,25.1,0,월,False,False
2025-09-01,23-24,3206,51115.0,24.7,0,월,False,False
2025-09-02,06-07,4499,157141.0,22.2,1,화,False,False
2025-09-02,07-08,10774,431867.0,22.0,1,화,False,False
2025-09-02,08-09,13873,506647.0,23.1,1,화,False,False
2025-09-02,09-10,6593,284757.0,24.2,1,화,False,False
2025-09-02,10-11,4252,190982.0,24.8,1,화,False,False
2025-09-02,11-12,4905,184460.0,26.4,1,화,False,False
2025-09-02,12-13,5002,197075.0,27.6,1,화,False,False
2025-09-02,13-14,4650,202452.0,28.5,1,화,False,False
2025-09-02,14-15,4659,212442.0,29.1,1,화,False,False
2025-09-02,15-16,5442,252180.0,29.6,1,화,False,False
2025-09-02,16-17,8014,320875.0,30.3,1,화,False,False
2025-09-02,17-18,12655,470231.0,30.5,1,화,False,False
2025-09-02,18-19,17821,604415.0,29.7,1,화,False,False
2025-09-02,19-20,12236,302145.0,28.4,1,화,False,False
2025-09-02,20-21,10220,228225.0,27.1,1,화,False,False
2025-09-02,21-22,9319,210972.0,26.2,1,화,False,False
2025-09-02,22-23,7194,148810.0,25.6,1,화,False,False
2025-09-02,23-24,3857,59826.0,25.2,1,화,False,False
2025-09-03,06-07,4705,157211.0,22.7,2,수,False,False
2025-09-03,07-08,11492,430562.0,22.8,2,수,False,False
2025-09-03,08-09,14483,501558.0,24.1,2,수,False,False
2025-09-03,09-10,6551,285570.0,25.4,2,수,False,False
2025-09-03,10-11,4355,192396.0,27.2,2,수,False,False
2025-09-03,11-12,4926,186428.0,28.4,2,수,False,False
2025-09-03,12-13,4736,200619.0,29.6,2,수,False,False
2025-09-03,13-14,4630,206365.0,30.6,2,수,False,False
2025-09-03,14-15,4470,216977.0,31.1,2,수,False,False
2025-09-03,15-16,5233,253189.0,31.9,2,수,False,False
2025-09-03,16-17,7810,324321.0,31.4,2,수,False,False
2025-09-03,17-18,13500,485236.0,31.6,2,수,False,False
2025-09-03,18-19,17801,612180.0,30.9,2,수,False,False
2025-09-03,19-20,11970,298574.0,29.8,2,수,False,False
2025-09-03,20-21,9978,228857.0,29.0,2,수,False,False
2025-09-03,21-22,8754,205635.0,28.7,2,수,False,False
2025-09-03,22-23,6655,154967.0,28.4,2,수,False,False
2025-09-03,23-24,3927,63179.0,28.2,2,수,False,False
2025-09-04,06-07,510,150656.0,23.0,3,목,False,False
2025-09-04,07-08,1028,415230.0,22.9,3,목,False,False
2025-09-04,08-09,1204,504584.0,23.1,3,목,False,False
2025-09-04,09-10,576,286505.0,23.3,3,목,False,False
2025-09-04,10-11,894,191234.0,23.5,3,목,False,False
2025-09-04,11-12,2938,183524.0,24.1,3,목,False,False
2025-09-04,12-13,4003,199058.0,25.8,3,목,False,False
2025-09-04,13-14,4326,207159.0,27.0,3,목,False,False
2025-09-04,14-15,4501,217442.0,28.3,3,목,False,False
2025-09-04,15-16,5416,255989.0,29.1,3,목,False,False
2025-09-04,16-17,7703,322847.0,29.7,3,목,False,False
2025-09-04,17-18,10801,471172.0,29.1,3,목,False,False
2025-09-04,18-19,14068,595412.0,28.5,3,목,False,False
2025-09-04,19-20,10171,298895.0,27.7,3,목,False,False
2025-09-04,20-21,8946,230104.0,27.0,3,목,False,False
2025-09-04,21-22,7990,212815.0,26.5,3,목,False,False
2025-09-04,22-23,6620,165573.0,26.1,3,목,False,False
2025-09-04,23-24,3989,70231.0,25.8,3,목,False,False
2025-09-05,06-07,4311,151774.0,23.6,4,금,False,False
2025-09-05,07-08,10538,408067.0,23.9,4,금,False,False
2025-09-05,08-09,13336,478666.0,24.6,4,금,False,False
2025-09-05,09-10,6467,275949.0,26.3,4,금,False,False
2025-09-05,10-11,4380,198783.0,28.2,4,금,False,False
2025-09-05,11-12,5229,198126.0,29.7,4,금,False,False
2025-09-05,12-13,5157,216502.0,30.8,4,금,False,False
2025-09-05,13-14,4861,226427.0,31.2,4,금,False,False
2025-09-05,14-15,5084,239155.0,32.5,4,금,False,False
2025-09-05,15-16,6418,287729.0,32.5,4,금,False,False
2025-09-05,16-17,8409,354709.0,32.0,4,금,False,False
2025-09-05,17-18,12745,506520.0,31.7,4,금,False,False
2025-09-05,18-19,16269,609482.0,30.4,4,금,False,False
2025-09-05,19-20,10883,303626.0,29.5,4,금,False,False
2025-09-05,20-21,9036,228380.0,28.6,4,금,False,False
2025-09-05,21-22,8318,213845.0,28.2,4,금,False,False
2025-09-05,22-23,7252,186018.0,27.8,4,금,False,False
2025-09-05,23-24,4533,90718.0,27.4,4,금,False,False
2025-09-06,06-07,1237,64220.0,26.1,5,토,True,False
2025-09-06,07-08,1707,97502.0,26.0,5,토,True,False
2025-09-06,08-09,2116,159678.0,26.1,5,토,True,False
2025-09-06,09-10,1570,185791.0,26.2,5,토,True,False
2025-09-06,10-11,1139,195794.0,26.7,5,토,True,False
2025-09-06,11-12,2266,221641.0,26.5,5,토,True,False
2025-09-06,12-13,3945,246388.0,27.9,5,토,True,False
2025-09-06,13-14,4230,258529.0,28.6,5,토,True,False
2025-09-06,14-15,4248,257860.0,29.6,5,토,True,False
2025-09-06,15-16,5098,277776.0,30.0,5,토,True,False
2025-09-06,16-17,3982,308612.0,29.2,5,토,True,False
2025-09-06,17-18,1224,299173.0,27.4,5,토,True,False
2025-09-06,18-19,2712,223408.0,25.7,5,토,True,False
2025-09-06,19-20,2113,188994.0,25.6,5,토,True,False
2025-09-06,20-21,2045,184680.0,25.4,5,토,True,False
2025-09-06,21-22,2820,166865.0,25.5,5,토,True,False
2025-09-06,22-23,2683,136910.0,25.6,5,토,True,False
2025-09-06,23-24,1741,58617.0,25.8,5,토,True,False
2025-09-07,06-07,1411,47865.0,24.5,6,일,True,False
2025-09-07,07-08,2067,63012.0,24.4,6,일,True,False
2025-09-07,08-09,3368,108097.0,24.7,6,일,True,False
2025-09-07,09-10,4200,149240.0,25.2,6,일,True,False
2025-09-07,10-11,4970,166656.0,26.1,6,일,True,False
2025-09-07,11-12,5261,165559.0,26.9,6,일,True,False
2025-09-07,12-13,5855,193086.0,27.4,6,일,True,False
2025-09-07,13-14,6564,207097.0,28.1,6,일,True,False
2025-09-07,14-15,6846,208602.0,27.5,6,일,True,False
2025-09-07,15-16,7767,218115.0,27.2,6,일,True,False
2025-09-07,16-17,8564,225729.0,26.7,6,일,True,False
2025-09-07,17-18,9270,215643.0,26.4,6,일,True,False
2025-09-07,18-19,9845,192566.0,26.3,6,일,True,False
2025-09-07,19-20,9414,170141.0,25.5,6,일,True,False
2025-09-07,20-21,8498,173456.0,24.8,6,일,True,False
2025-09-07,21-22,7459,140238.0,24.1,6,일,True,False
2025-09-07,22-23,5540,101366.0,23.3,6,일,True,False
2025-09-07,23-24,3539,38659.0,22.7,6,일,True,False
2025-09-08,06-07,4692,158031.0,20.7,0,월,False,False
2025-09-08,07-08,11032,429392.0,20.9,0,월,False,False
2025-09-08,08-09,13857,491219.0,21.7,0,월,False,False
2025-09-08,09-10,6511,279736.0,22.5,0,월,False,False
2025-09-08,10-11,4498,188633.0,24.4,0,월,False,False
2025-09-08,11-12,5028,183658.0,25.2,0,월,False,False
2025-09-08,12-13,5113,195832.0,26.7,0,월,False,False
2025-09-08,13-14,4858,198428.0,27.9,0,월,False,False
2025-09-08,14-15,4911,207313.0,29.1,0,월,False,False
2025-09-08,15-16,6470,249671.0,29.4,0,월,False,False
2025-09-08,16-17,8364,309194.0,28.4,0,월,False,False
2025-09-08,17-18,13291,462851.0,27.4,0,월,False,False
2025-09-08,18-19,16799,603357.0,26.4,0,월,False,False
2025-09-08,19-20,11729,288902.0,25.7,0,월,False,False
2025-09-08,20-21,9553,212429.0,25.0,0,월,False,False
2025-09-08,21-22,8144,186098.0,24.6,0,월,False,False
2025-09-08,22-23,5546,132832.0,24.2,0,월,False,False
2025-09-08,23-24,3197,52201.0,24.0,0,월,False,False
2025-09-09,06-07,4646,156211.0,22.2,1,화,False,False
2025-09-09,07-08,11585,432786.0,22.0,1,화,False,False
2025-09-09,08-09,15270,509697.0,22.4,1,화,False,False
2025-09-09,09-10,7103,291871.0,23.2,1,화,False,False
2025-09-09,10-11,4612,195603.0,24.2,1,화,False,False
2025-09-09,11-12,5422,187571.0,25.2,1,화,False,False
2025-09-09,12-13,5517,201742.0,25.7,1,화,False,False
2025-09-09,13-14,5267,205805.0,26.3,1,화,False,False
2025-09-09,14-15,5299,215595.0,25.7,1,화,False,False
2025-09-09,15-16,6204,253132.0,25.6,1,화,False,False
2025-09-09,16-17,8920,325542.0,26.5,1,화,False,False
2025-09-09,17-18,14043,476312.0,26.8,1,화,False,False
2025-09-09,18-19,18924,606423.0,25.9,1,화,False,False
2025-09-09,19-20,12533,299896.0,24.8,1,화,False,False
2025-09-09,20-21,10618,226470.0,23.9,1,화,False,False
2025-09-09,21-22,9748,206031.0,23.1,1,화,False,False
2025-09-09,22-23,7889,153797.0,22.5,1,화,False,False
2025-09-09,23-24,4255,61383.0,21.9,1,화,False,False
2025-09-10,06-07,4829,156918.0,18.7,2,수,False,False
2025-09-10,07-08,11876,430492.0,18.5,2,수,False,False
2025-09-10,08-09,15335,504737.0,20.0,2,수,False,False
2025-09-10,09-10,6968,290366.0,22.4,2,수,False,False
2025-09-10,10-11,4709,194615.0,24.2,2,수,False,False
2025-09-10,11-12,5369,189191.0,26.6,2,수,False,False
2025-09-10,12-13,5289,207246.0,27.9,2,수,False,False
2025-09-10,13-14,5190,211219.0,29.2,2,수,False,False
2025-09-10,14-15,5093,221869.0,30.3,2,수,False,False
2025-09-10,15-16,6470,265425.0,30.9,2,수,False,False
2025-09-10,16-17,8294,329130.0,31.2,2,수,False,False
2025-09-10,17-18,13970,488419.0,31.2,2,수,False,False
2025-09-10,18-19,18697,612674.0,29.9,2,수,False,False
2025-09-10,19-20,12607,300912.0,28.0,2,수,False,False
2025-09-10,20-21,10418,232114.0,26.6,2,수,False,False
2025-09-10,21-22,9355,223664.0,25.5,2,수,False,False
2025-09-10,22-23,7540,164823.0,24.6,2,수,False,False
2025-09-10,23-24,4347,68258.0,24.0,2,수,False,False
2025-09-11,06-07,4845,156038.0,19.9,3,목,False,False
2025-09-11,07-08,11906,428028.0,20.1,3,목,False,False
2025-09-11,08-09,15279,504364.0,22.0,3,목,False,False
2025-09-11,09-10,7158,290638.0,23.6,3,목,False,False
2025-09-11,10-11,4704,198647.0,25.7,3,목,False,False
2025-09-11,11-12,5411,191892.0,27.4,3,목,False,False
2025-09-11,12-13,5445,209178.0,28.5,3,목,False,False
2025-09-11,13-14,4948,212885.0,29.5,3,목,False,False
2025-09-11,14-15,4904,222055.0,30.6,3,목,False,False
2025-09-11,15-16,5691,261960.0,31.2,3,목,False,False
2025-09-11,16-17,8854,334596.0,31.6,3,목,False,False
2025-09-11,17-18,13837,487857.0,31.2,3,목,False,False
2025-09-11,18-19,18710,603297.0,30.0,3,목,False,False
2025-09-11,19-20,12368,302175.0,28.4,3,목,False,False
2025-09-11,20-21,10433,236204.0,27.5,3,목,False,False
2025-09-11,21-22,9635,226318.0,26.8,3,목,False,False
2025-09-11,22-23,7774,175501.0,26.2,3,목,False,False
2025-09-11,23-24,4484,73711.0,25.5,3,목,False,False
2025-09-12,06-07,4549,147785.0,23.1,4,금,False,False
2025-09-12,07-08,11400,403281.0,22.9,4,금,False,False
2025-09-12,08-09,14825,480151.0,23.3,4,금,False,False
2025-09-12,09-10,7086,275044.0,23.9,4,금,False,False
2025-09-12,10-11,4956,200106.0,25.1,4,금,False,False
2025-09-12,11-12,5888,201533.0,25.7,4,금,False,False
2025-09-12,12-13,6327,223280.0,25.8,4,금,False,False
2025-09-12,13-14,6198,232963.0,26.1,4,금,False,False
2025-09-12,14-15,6324,245436.0,26.2,4,금,False,False
2025-09-12,15-16,7493,295602.0,26.3,4,금,False,False
2025-09-12,16-17,7733,368025.0,26.0,4,금,False,False
2025-09-12,17-18,6023,516712.0,25.6,4,금,False,False
2025-09-12,18-19,4325,613136.0,24.9,4,금,False,False
2025-09-12,19-20,793,303568.0,24.0,4,금,False,False
2025-09-12,20-21,580,228398.0,23.0,4,금,False,False
2025-09-12,21-22,534,217660.0,22.5,4,금,False,False
2025-09-12,22-23,680,187301.0,21.9,4,금,False,False
2025-09-12,23-24,264,93743.0,21.4,4,금,False,False
2025-09-13,06-07,776,63019.0,20.6,5,토,True,False
2025-09-13,07-08,675,96939.0,20.8,5,토,True,False
2025-09-13,08-09,1499,159175.0,21.1,5,토,True,False
2025-09-13,09-10,2906,189944.0,21.8,5,토,True,False
2025-09-13,10-11,4356,208677.0,22.7,5,토,True,False
2025-09-13,11-12,5151,236499.0,23.7,5,토,True,False
2025-09-13,12-13,6458,263928.0,24.7,5,토,True,False
2025-09-13,13-14,7246,271924.0,26.1,5,토,True,False
2025-09-13,14-15,7535,274307.0,26.5,5,토,True,False
2025-09-13,15-16,8395,301970.0,26.6,5,토,True,False
2025-09-13,16-17,9262,326344.0,27.4,5,토,True,False
2025-09-13,17-18,10259,309750.0,26.5,5,토,True,False
2025-09-13,18-19,10092,253075.0,25.7,5,토,True,False
2025-09-13,19-20,8821,211465.0,25.1,5,토,True,False
2025-09-13,20-21,8629,216552.0,24.4,5,토,True,False
2025-09-13,21-22,8427,192822.0,23.8,5,토,True,False
2025-09-13,22-23,7174,166136.0,23.3,5,토,True,False
2025-09-13,23-24,4941,69377.0,22.9,5,토,True,False
2025-09-14,06-07,1668,52346.0,21.6,6,일,True,False
2025-09-14,07-08,2651,68589.0,21.5,6,일,True,False
2025-09-14,08-09,3872,117676.0,22.1,6,일,True,False
2025-09-14,09-10,5202,161630.0,23.2,6,일,True,False
2025-09-14,10-11,5821,179042.0,24.2,6,일,True,False
2025-09-14,11-12,5939,180165.0,25.4,6,일,True,False
2025-09-14,12-13,7119,210010.0,27.0,6,일,True,False
2025-09-14,13-14,7487,221631.0,27.3,6,일,True,False
2025-09-14,14-15,8120,224847.0,27.8,6,일,True,False
2025-09-14,15-16,8711,235646.0,28.5,6,일,True,False
2025-09-14,16-17,9564,247023.0,29.2,6,일,True,False
2025-09-14,17-18,10454,234561.0,29.1,6,일,True,False
2025-09-14,18-19,11024,206287.0,28.2,6,일,True,False
2025-09-14,19-20,9535,177704.0,26.7,6,일,True,False
2025-09-14,20-21,8538,179001.0,25.8,6,일,True,False
2025-09-14,21-22,7947,161695.0,25.0,6,일,True,False
2025-09-14,22-23,5989,114169.0,24.2,6,일,True,False
2025-09-14,23-24,3502,40514.0,23.7,6,일,True,False
2025-09-15,06-07,4817,159429.0,20.9,0,월,False,False
2025-09-15,07-08,11566,429763.0,20.9,0,월,False,False
2025-09-15,08-09,14599,497339.0,22.4,0,월,False,False
2025-09-15,09-10,6777,285036.0,24.3,0,월,False,False
2025-09-15,10-11,4649,195176.0,25.8,0,월,False,False
2025-09-15,11-12,5218,191144.0,27.1,0,월,False,False
2025-09-15,12-13,5458,203569.0,28.3,0,월,False,False
2025-09-15,13-14,5177,206236.0,29.0,0,월,False,False
2025-09-15,14-15,4965,214667.0,29.7,0,월,False,False
2025-09-15,15-16,6536,256839.0,30.3,0,월,False,False
2025-09-15,16-17,8658,314241.0,30.4,0,월,False,False
2025-09-15,17-18,14209,464515.0,30.2,0,월,False,False
2025-09-15,18-19,19587,605900.0,29.3,0,월,False,False
2025-09-15,19-20,12790,298951.0,28.0,0,월,False,False
2025-09-15,20-21,10637,217919.0,26.8,0,월,False,False
2025-09-15,21-22,9490,191018.0,26.1,0,월,False,False
2025-09-15,22-23,7331,139825.0,25.4,0,월,False,False
2025-09-15,23-24,4168,56445.0,24.6,0,월,False,False
2025-09-16,06-07,5060,157071.0,22.3,1,화,False,False
2025-09-16,07-08,12158,435226.0,22.5,1,화,False,False
2025-09-16,08-09,16132,514792.0,23.2,1,화,False,False
2025-09-16,09-10,7466,292240.0,24.7,1,화,False,False
2025-09-16,10-11,4813,198126.0,25.2,1,화,False,False
2025-09-16,11-12,5340,187842.0,26.2,1,화,False,False
2025-09-16,12-13,5342,202554.0,26.4,1,화,False,False
2025-09-16,13-14,3014,208963.0,26.7,1,화,False,False
2025-09-16,14-15,231,216841.0,24.3,1,화,False,False
2025-09-16,15-16,1111,239388.0,22.5,1,화,False,False
2025-09-16,16-17,4358,303664.0,23.3,1,화,False,False
2025-09-16,17-18,8538,464726.0,24.1,1,화,False,False
2025-09-16,18-19,4869,609468.0,23.9,1,화,False,False
2025-09-16,19-20,3323,292397.0,23.8,1,화,False,False
2025-09-16,20-21,4337,219079.0,23.7,1,화,False,False
2025-09-16,21-22,4841,201962.0,23.6,1,화,False,False
2025-09-16,22-23,4609,144978.0,23.5,1,화,False,False
2025-09-16,23-24,2971,59019.0,23.2,1,화,False,False
2025-09-17,06-07,3864,152098.0,23.5,2,수,False,False
2025-09-17,07-08,6997,421042.0,23.5,2,수,False,False
2025-09-17,08-09,1861,504985.0,23.7,2,수,False,False
2025-09-17,09-10,647,287658.0,23.9,2,수,False,False
2025-09-17,10-11,102,176440.0,23.8,2,수,False,False
2025-09-17,11-12,152,172967.0,22.4,2,수,False,False
2025-09-17,12-13,1271,187386.0,22.1,2,수,False,False
2025-09-17,13-14,1826,199666.0,23.2,2,수,False,False
2025-09-17,14-15,1697,206334.0,22.3,2,수,False,False
2025-09-17,15-16,1644,250523.0,22.8,2,수,False,False
2025-09-17,16-17,3794,310698.0,22.5,2,수,False,False
2025-09-17,17-18,8402,467000.0,22.4,2,수,False,False
2025-09-17,18-19,12357,597127.0,22.5,2,수,False,False
2025-09-17,19-20,8109,287417.0,22.1,2,수,False,False
2025-09-17,20-21,7281,223038.0,21.9,2,수,False,False
2025-09-17,21-22,6994,212530.0,21.9,2,수,False,False
2025-09-17,22-23,5740,159294.0,21.7,2,수,False,False
2025-09-17,23-24,3409,65116.0,21.5,2,수,False,False
2025-09-18,06-07,4558,154902.0,19.7,3,목,False,False
2025-09-18,07-08,10988,424276.0,19.6,3,목,False,False
2025-09-18,08-09,14505,506248.0,20.2,3,목,False,False
2025-09-18,09-10,6954,293958.0,20.8,3,목,False,False
2025-09-18,10-11,4758,201206.0,21.7,3,목,False,False
2025-09-18,11-12,5809,195232.0,22.5,3,목,False,False
2025-09-18,12-13,5941,210750.0,24.4,3,목,False,False
2025-09-18,13-14,5495,218819.0,25.2,3,목,False,False
2025-09-18,14-15,5590,226732.0,25.6,3,목,False,False
2025-09-18,15-16,6600,265157.0,25.8,3,목,False,False
2025-09-18,16-17,9804,339276.0,25.6,3,목,False,False
2025-09-18,17-18,14466,485988.0,25.2,3,목,False,False
2025-09-18,18-19,19159,601326.0,24.3,3,목,False,False
2025-09-18,19-20,12161,304165.0,23.1,3,목,False,False
2025-09-18,20-21,10509,239855.0,22.0,3,목,False,False
2025-09-18,21-22,9704,233595.0,21.3,3,목,False,False
2025-09-18,22-23,7823,177497.0,20.7,3,목,False,False
2025-09-18,23-24,4540,79666.0,20.4,3,목,False,False
2025-09-19,06-07,4345,147929.0,19.1,4,금,False,False
2025-09-19,07-08,11175,402441.0,19.2,4,금,False,False
2025-09-19,08-09,13783,482767.0,19.5,4,금,False,False
2025-09-19,09-10,6300,283055.0,19.9,4,금,False,False
2025-09-19,10-11,4090,204053.0,20.4,4,금,False,False
2025-09-19,11-12,2763,206072.0,20.8,4,금,False,False
2025-09-19,12-13,1260,230626.0,21.4,4,금,False,False
2025-09-19,13-14,1001,236296.0,20.8,4,금,False,False
2025-09-19,14-15,843,249079.0,20.6,4,금,False,False
2025-09-19,15-16,1043,301907.0,20.3,4,금,False,False
2025-09-19,16-17,747,361502.0,20.1,4,금,False,False
2025-09-19,17-18,961,509878.0,19.6,4,금,False,False
2025-09-19,18-19,1071,610983.0,19.0,4,금,False,False
2025-09-19,19-20,712,304065.0,18.7,4,금,False,False
2025-09-19,20-21,895,229785.0,18.5,4,금,False,False
2025-09-19,21-22,541,221700.0,18.6,4,금,False,False
2025-09-19,22-23,347,189127.0,18.5,4,금,False,False
2025-09-19,23-24,237,94338.0,18.1,4,금,False,False
2025-09-20,06-07,604,69518.0,17.6,5,토,True,False
2025-09-20,07-08,1485,102993.0,17.7,5,토,True,False
2025-09-20,08-09,2777,168671.0,18.0,5,토,True,False
2025-09-20,09-10,4031,201875.0,18.6,5,토,True,False
2025-09-20,10-11,4834,215753.0,19.0,5,토,True,False
2025-09-20,11-12,5712,244144.0,19.9,5,토,True,False
2025-09-20,12-13,6631,270630.0,20.6,5,토,True,False
2025-09-20,13-14,7580,280304.0,21.4,5,토,True,False
2025-09-20,14-15,8059,285015.0,22.5,5,토,True,False
2025-09-20,15-16,8843,304710.0,23.4,5,토,True,False
2025-09-20,16-17,9969,334578.0,23.0,5,토,True,False
2025-09-20,17-18,10444,321026.0,23.3,5,토,True,False
2025-09-20,18-19,8256,272844.0,22.5,5,토,True,False
2025-09-20,19-20,7080,221892.0,21.6,5,토,True,False
2025-09-20,20-21,7061,219191.0,21.1,5,토,True,False
2025-09-20,21-22,7360,207996.0,20.5,5,토,True,False
2025-09-20,22-23,6432,161132.0,20.0,5,토,True,False
2025-09-20,23-24,4516,70133.0,19.7,5,토,True,False
2025-09-21,06-07,1588,54089.0,17.2,6,일,True,False
2025-09-21,07-08,2495,72534.0,17.6,6,일,True,False
2025-09-21,08-09,4001,119449.0,19.1,6,일,True,False
2025-09-21,09-10,4873,160396.0,20.8,6,일,True,False
2025-09-21,10-11,6275,174186.0,22.1,6,일,True,False
2025-09-21,11-12,6705,177553.0,23.4,6,일,True,False
2025-09-21,12-13,7717,206911.0,24.6,6,일,True,False
2025-09-21,13-14,8866,222458.0,25.5,6,일,True,False
2025-09-21,14-15,9663,226083.0,26.5,6,일,True,False
2025-09-21,15-16,10524,234239.0,26.9,6,일,True,False
2025-09-21,16-17,11819,241994.0,27.1,6,일,True,False
2025-09-21,17-18,12612,227493.0,26.5,6,일,True,False
2025-09-21,18-19,11924,208649.0,24.8,6,일,True,False
2025-09-21,19-20,9827,178345.0,23.3,6,일,True,False
2025-09-21,20-21,8975,168274.0,22.0,6,일,True,False
2025-09-21,21-22,7941,151110.0,21.1,6,일,True,False
2025-09-21,22-23,5749,103866.0,20.7,6,일,True,False
2025-09-21,23-24,3518,40241.0,19.9,6,일,True,False
2025-09-22,06-07,4644,156944.0,17.9,0,월,False,False
2025-09-22,07-08,11542,428873.0,17.6,0,월,False,False
2025-09-22,08-09,14872,503336.0,18.1,0,월,False,False
2025-09-22,09-10,7015,291771.0,19.3,0,월,False,False
2025-09-22,10-11,4772,197711.0,21.4,0,월,False,False
2025-09-22,11-12,5722,191874.0,23.0,0,월,False,False
2025-09-22,12-13,5970,206544.0,24.3,0,월,False,False
2025-09-22,13-14,5515,210798.0,24.6,0,월,False,False
2025-09-22,14-15,5831,217220.0,24.9,0,월,False,False
2025-09-22,15-16,7172,260874.0,24.4,0,월,False,False
2025-09-22,16-17,9390,314672.0,24.6,0,월,False,False
2025-09-22,17-18,14538,462953.0,24.5,0,월,False,False
2025-09-22,18-19,19943,603736.0,24.0,0,월,False,False
2025-09-22,19-20,12886,299508.0,22.6,0,월,False,False
2025-09-22,20-21,10558,222442.0,21.9,0,월,False,False
2025-09-22,21-22,9351,192265.0,21.4,0,월,False,False
2025-09-22,22-23,7414,139999.0,21.1,0,월,False,False
2025-09-22,23-24,4157,57010.0,21.0,0,월,False,False
2025-09-23,06-07,4818,157188.0,19.3,1,화,False,False
2025-09-23,07-08,12301,434283.0,19.2,1,화,False,False
2025-09-23,08-09,16513,517594.0,19.7,1,화,False,False
2025-09-23,09-10,7526,300187.0,20.8,1,화,False,False
2025-09-23,10-11,4960,202135.0,22.3,1,화,False,False
2025-09-23,11-12,5966,196331.0,23.4,1,화,False,False
2025-09-23,12-13,6093,210325.0,24.8,1,화,False,False
2025-09-23,13-14,5955,214934.0,25.7,1,화,False,False
2025-09-23,14-15,5960,224969.0,25.8,1,화,False,False
2025-09-23,15-16,6763,260873.0,26.2,1,화,False,False
2025-09-23,16-17,10049,331828.0,26.4,1,화,False,False
2025-09-23,17-18,14798,484269.0,25.4,1,화,False,False
2025-09-23,18-19,19432,608007.0,24.8,1,화,False,False
2025-09-23,19-20,11993,302928.0,24.4,1,화,False,False
2025-09-23,20-21,10359,231039.0,23.6,1,화,False,False
2025-09-23,21-22,9336,212503.0,23.3,1,화,False,False
2025-09-23,22-23,7270,160603.0,23.2,1,화,False,False
2025-09-23,23-24,4030,63303.0,22.9,1,화,False,False
2025-09-24,06-07,4705,153590.0,20.4,2,수,False,False
2025-09-24,07-08,12052,428092.0,20.6,2,수,False,False
2025-09-24,08-09,16119,508247.0,21.4,2,수,False,False
2025-09-24,09-10,7608,295486.0,22.6,2,수,False,False
2025-09-24,10-11,4942,200103.0,23.1,2,수,False,False
2025-09-24,11-12,2908,194520.0,23.4,2,수,False,False
2025-09-24,12-13,1257,208537.0,23.5,2,수,False,False
2025-09-24,13-14,420,210483.0,22.9,2,수,False,False
2025-09-24,14-15,227,212715.0,22.1,2,수,False,False
2025-09-24,15-16,392,248476.0,22.4,2,수,False,False
2025-09-24,16-17,440,307676.0,22.7,2,수,False,False
2025-09-24,17-18,1125,469195.0,22.9,2,수,False,False
2025-09-24,18-19,869,603747.0,22.8,2,수,False,False
2025-09-24,19-20,511,294086.0,22.7,2,수,False,False
2025-09-24,20-21,775,229165.0,21.8,2,수,False,False
2025-09-24,21-22,1776,204892.0,21.4,2,수,False,False
2025-09-24,22-23,2626,154442.0,21.5,2,수,False,False
2025-09-24,23-24,1540,64784.0,21.6,2,수,False,False
2025-09-25,06-07,3682,153211.0,20.7,3,목,False,False
2025-09-25,07-08,8608,421330.0,20.7,3,목,False,False
2025-09-25,08-09,12199,512937.0,20.9,3,목,False,False
2025-09-25,09-10,6622,303436.0,21.5,3,목,False,False
2025-09-25,10-11,4785,207665.0,22.5,3,목,False,False
2025-09-25,11-12,5833,200717.0,23.1,3,목,False,False
2025-09-25,12-13,5830,219385.0,23.8,3,목,False,False
2025-09-25,13-14,5698,226186.0,24.7,3,목,False,False
2025-09-25,14-15,5774,233545.0,25.0,3,목,False,False
2025-09-25,15-16,6524,270834.0,25.7,3,목,False,False
2025-09-25,16-17,9229,340395.0,26.0,3,목,False,False
2025-09-25,17-18,14142,485995.0,25.5,3,목,False,False
2025-09-25,18-19,18624,603776.0,24.9,3,목,False,False
2025-09-25,19-20,11985,307839.0,23.5,3,목,False,False
2025-09-25,20-21,10269,243810.0,22.5,3,목,False,False
2025-09-25,21-22,9562,240243.0,21.8,3,목,False,False
2025-09-25,22-23,7586,178705.0,21.2,3,목,False,False
2025-09-25,23-24,4543,78494.0,20.7,3,목,False,False
2025-09-26,06-07,4214,150502.0,17.9,4,금,False,False
2025-09-26,07-08,10642,402753.0,17.8,4,금,False,False
2025-09-26,08-09,15142,484520.0,18.4,4,금,False,False
2025-09-26,09-10,8138,291102.0,19.3,4,금,False,False
2025-09-26,10-11,5710,212409.0,20.0,4,금,False,False
2025-09-26,11-12,6753,214059.0,21.5,4,금,False,False
2025-09-26,12-13,7064,238745.0,22.9,4,금,False,False
2025-09-26,13-14,6822,247981.0,24.4,4,금,False,False
2025-09-26,14-15,6629,264447.0,25.4,4,금,False,False
2025-09-26,15-16,7943,308146.0,26.7,4,금,False,False
2025-09-26,16-17,10008,374331.0,26.8,4,금,False,False
2025-09-26,17-18,14989,521858.0,26.4,4,금,False,False
2025-09-26,18-19,18273,608065.0,24.8,4,금,False,False
2025-09-26,19-20,11662,313865.0,23.5,4,금,False,False
2025-09-26,20-21,9665,241027.0,22.8,4,금,False,False
2025-09-26,21-22,9058,237567.0,22.2,4,금,False,False
2025-09-26,22-23,7766,198402.0,21.5,4,금,False,False
2025-09-26,23-24,5120,102470.0,20.8,4,금,False,False
2025-09-27,06-07,1924,74143.0,17.7,5,토,True,False
2025-09-27,07-08,3239,110411.0,17.8,5,토,True,False
2025-09-27,08-09,5339,178463.0,18.9,5,토,True,False
2025-09-27,09-10,6336,213307.0,21.2,5,토,True,False
2025-09-27,10-11,6822,228174.0,23.0,5,토,True,False
2025-09-27,11-12,7312,256893.0,25.0,5,토,True,False
2025-09-27,12-13,7973,287562.0,26.1,5,토,True,False
2025-09-27,13-14,8539,301809.0,26.7,5,토,True,False
2025-09-27,14-15,8755,306238.0,26.7,5,토,True,False
2025-09-27,15-16,9593,329784.0,26.8,5,토,True,False
2025-09-27,16-17,10761,371454.0,26.4,5,토,True,False
2025-09-27,17-18,11538,349332.0,26.2,5,토,True,False
2025-09-27,18-19,11871,287979.0,25.5,5,토,True,False
2025-09-27,19-20,10267,223375.0,24.3,5,토,True,False
2025-09-27,20-21,9350,242415.0,23.1,5,토,True,False
2025-09-27,21-22,9559,247009.0,22.4,5,토,True,False
2025-09-27,22-23,7044,190134.0,21.9,5,토,True,False
2025-09-27,23-24,4766,79902.0,21.6,5,토,True,False
2025-09-28,06-07,101,47733.0,20.3,6,일,True,False
2025-09-28,07-08,105,61995.0,20.1,6,일,True,False
2025-09-28,08-09,140,101696.0,19.1,6,일,True,False
2025-09-28,09-10,93,135365.0,19.2,6,일,True,False
2025-09-28,10-11,115,143787.0,18.4,6,일,True,False
2025-09-28,11-12,178,149494.0,18.7,6,일,True,False
2025-09-28,12-13,1602,185465.0,19.0,6,일,True,False
2025-09-28,13-14,3383,200632.0,19.6,6,일,True,False
2025-09-28,14-15,4927,199243.0,21.4,6,일,True,False
2025-09-28,15-16,6229,207634.0,21.1,6,일,True,False
2025-09-28,16-17,7260,218898.0,21.2,6,일,True,False
2025-09-28,17-18,7936,215326.0,20.9,6,일,True,False
2025-09-28,18-19,7881,195223.0,20.6,6,일,True,False
2025-09-28,19-20,6899,159866.0,20.2,6,일,True,False
2025-09-28,20-21,6429,151019.0,19.8,6,일,True,False
2025-09-28,21-22,6151,130599.0,19.7,6,일,True,False
2025-09-28,22-23,4574,93964.0,19.6,6,일,True,False
2025-09-28,23-24,3198,37208.0,19.4,6,일,True,False
2025-09-29,06-07,4369,159038.0,16.7,0,월,False,False
2025-09-29,07-08,10990,430579.0,16.6,0,월,False,False
2025-09-29,08-09,15063,502968.0,17.2,0,월,False,False
2025-09-29,09-10,7889,296268.0,17.7,0,월,False,False
2025-09-29,10-11,5394,203440.0,20.0,0,월,False,False
2025-09-29,11-12,6444,199178.0,20.9,0,월,False,False
2025-09-29,12-13,6613,213173.0,20.9,0,월,False,False
2025-09-29,13-14,6053,214471.0,22.2,0,월,False,False
2025-09-29,14-15,6225,223001.0,22.9,0,월,False,False
2025-09-29,15-16,7091,258533.0,23.7,0,월,False,False
2025-09-29,16-17,8877,314035.0,23.4,0,월,False,False
2025-09-29,17-18,14614,458636.0,23.8,0,월,False,False
2025-09-29,18-19,18624,599325.0,22.5,0,월,False,False
2025-09-29,19-20,12136,300508.0,20.9,0,월,False,False
2025-09-29,20-21,9961,226033.0,20.3,0,월,False,False
2025-09-29,21-22,9049,197148.0,19.7,0,월,False,False
2025-09-29,22-23,6921,142851.0,19.1,0,월,False,False
2025-09-29,23-24,3996,59359.0,18.5,0,월,False,False
2025-09-30,06-07,4529,154844.0,17.5,1,화,False,False
2025-09-30,07-08,11479,429185.0,17.3,1,화,False,False
2025-09-30,08-09,16086,513246.0,17.7,1,화,False,False
2025-09-30,09-10,8095,297617.0,18.6,1,화,False,False
2025-09-30,10-11,5701,204044.0,19.3,1,화,False,False
2025-09-30,11-12,6369,199558.0,19.9,1,화,False,False
2025-09-30,12-13,6589,214390.0,20.8,1,화,False,False
2025-09-30,13-14,6263,219650.0,21.7,1,화,False,False
2025-09-30,14-15,6273,227062.0,23.7,1,화,False,False
2025-09-30,15-16,7102,262089.0,23.3,1,화,False,False
2025-09-30,16-17,9225,327112.0,23.2,1,화,False,False
2025-09-30,17-18,14194,470617.0,22.8,1,화,False,False
2025-09-30,18-19,18183,592861.0,22.1,1,화,False,False
2025-09-30,19-20,11819,302126.0,21.0,1,화,False,False
2025-09-30,20-21,9610,234023.0,20.2,1,화,False,False
2025-09-30,21-22,9137,225766.0,19.8,1,화,False,False
2025-09-30,22-23,7089,158775.0,19.3,1,화,False,False
2025-09-30,23-24,4125,68715.0,18.8,1,화,False,False
2025-12-01,06-07,2912,151507.0,4.8,0,월,False,False
2025-12-01,07-08,7075,418342.0,4.2,0,월,False,False
2025-12-01,08-09,10824,499912.0,3.8,0,월,False,False
2025-12-01,09-10,4931,287634.0,3.8,0,월,False,False
2025-12-01,10-11,3295,197302.0,4.5,0,월,False,False
2025-12-01,11-12,3749,192671.0,6.0,0,월,False,False
2025-12-01,12-13,4085,205360.0,6.6,0,월,False,False
2025-12-01,13-14,4023,208954.0,8.4,0,월,False,False
2025-12-01,14-15,4179,221450.0,8.9,0,월,False,False
2025-12-01,15-16,4804,262955.0,8.8,0,월,False,False
2025-12-01,16-17,5943,315790.0,8.6,0,월,False,False
2025-12-01,17-18,8345,462842.0,6.9,0,월,False,False
2025-12-01,18-19,10681,598053.0,5.9,0,월,False,False
2025-12-01,19-20,6562,297302.0,5.0,0,월,False,False
2025-12-01,20-21,5013,222397.0,4.5,0,월,False,False
2025-12-01,21-22,4210,193066.0,4.4,0,월,False,False
2025-12-01,22-23,3314,136682.0,3.8,0,월,False,False
2025-12-01,23-24,1936,55887.0,2.9,0,월,False,False
2025-12-02,06-07,2815,149645.0,1.3,1,화,False,False
2025-12-02,07-08,6750,420235.0,0.8,1,화,False,False
2025-12-02,08-09,10638,512851.0,0.4,1,화,False,False
2025-12-02,09-10,4945,293905.0,0.7,1,화,False,False
2025-12-02,10-11,3072,198246.0,1.6,1,화,False,False
2025-12-02,11-12,3299,193860.0,2.2,1,화,False,False
2025-12-02,12-13,3477,207332.0,2.7,1,화,False,False
2025-12-02,13-14,3342,214293.0,2.9,1,화,False,False
2025-12-02,14-15,3219,225922.0,2.9,1,화,False,False
2025-12-02,15-16,3577,260896.0,3.3,1,화,False,False
2025-12-02,16-17,4842,326281.0,1.8,1,화,False,False
2025-12-02,17-18,6837,475477.0,0.4,1,화,False,False
2025-12-02,18-19,8365,601157.0,-0.6,1,화,False,False
2025-12-02,19-20,4767,300582.0,-1.4,1,화,False,False
2025-12-02,20-21,3516,233211.0,-2.2,1,화,False,False
2025-12-02,21-22,2900,211577.0,-3.5,1,화,False,False
2025-12-02,22-23,2469,151693.0,-4.5,1,화,False,False
2025-12-02,23-24,1358,59941.0,-5.0,1,화,False,False
2025-12-03,06-07,2255,145474.0,-7.7,2,수,False,False
2025-12-03,07-08,5394,411276.0,-7.5,2,수,False,False
2025-12-03,08-09,8881,503812.0,-7.3,2,수,False,False
2025-12-03,09-10,3902,286278.0,-6.5,2,수,False,False
2025-12-03,10-11,2421,189996.0,-5.7,2,수,False,False
2025-12-03,11-12,2575,187378.0,-5.1,2,수,False,False
2025-12-03,12-13,2606,203299.0,-4.2,2,수,False,False
2025-12-03,13-14,2596,209267.0,-3.4,2,수,False,False
2025-12-03,14-15,2585,220118.0,-3.1,2,수,False,False
2025-12-03,15-16,2936,262039.0,-3.5,2,수,False,False
2025-12-03,16-17,3615,320540.0,-3.4,2,수,False,False
2025-12-03,17-18,5279,482318.0,-4.1,2,수,False,False
2025-12-03,18-19,6690,600082.0,-4.7,2,수,False,False
2025-12-03,19-20,3768,292558.0,-5.6,2,수,False,False
2025-12-03,20-21,2728,229457.0,-6.3,2,수,False,False
2025-12-03,21-22,2423,216589.0,-6.6,2,수,False,False
2025-12-03,22-23,2089,162408.0,-7.0,2,수,False,False
2025-12-03,23-24,1271,64083.0,-7.6,2,수,False,False
2025-12-04,06-07,2140,144604.0,-9.2,3,목,False,False
2025-12-04,07-08,5110,406474.0,-9.4,3,목,False,False
2025-12-04,08-09,8216,501896.0,-9.2,3,목,False,False
2025-12-04,09-10,3827,288485.0,-8.0,3,목,False,False
2025-12-04,10-11,2348,192575.0,-4.9,3,목,False,False
2025-12-04,11-12,2546,188451.0,-3.3,3,목,False,False
2025-12-04,12-13,2815,204053.0,-1.0,3,목,False,False
2025-12-04,13-14,2790,212439.0,0.6,3,목,False,False
2025-12-04,14-15,2803,223300.0,2.4,3,목,False,False
2025-12-04,15-16,3345,261241.0,3.3,3,목,False,False
2025-12-04,16-17,4425,330524.0,3.1,3,목,False,False
2025-12-04,17-18,5580,487169.0,1.9,3,목,False,False
2025-12-04,18-19,3689,605790.0,1.6,3,목,False,False
2025-12-04,19-20,679,337689.0,0.4,3,목,False,False
2025-12-04,20-21,692,297301.0,0.6,3,목,False,False
2025-12-04,21-22,712,285952.0,-0.1,3,목,False,False
2025-12-04,22-23,616,227117.0,-1.5,3,목,False,False
2025-12-04,23-24,473,104128.0,-2.9,3,목,False,False
2025-12-05,06-07,721,153535.0,-6.4,4,금,False,False
2025-12-05,07-08,1619,416458.0,-6.8,4,금,False,False
2025-12-05,08-09,2837,505983.0,-6.7,4,금,False,False
2025-12-05,09-10,1420,298539.0,-6.1,4,금,False,False
2025-12-05,10-11,990,211216.0,-3.8,4,금,False,False
2025-12-05,11-12,1222,208448.0,-1.9,4,금,False,False
2025-12-05,12-13,1341,228075.0,-0.7,4,금,False,False
2025-12-05,13-14,1527,237007.0,0.3,4,금,False,False
2025-12-05,14-15,1703,252288.0,1.0,4,금,False,False
2025-12-05,15-16,2222,298838.0,1.6,4,금,False,False
2025-12-05,16-17,2573,372118.0,2.0,4,금,False,False
2025-12-05,17-18,3535,533839.0,0.9,4,금,False,False
2025-12-05,18-19,3818,623284.0,0.0,4,금,False,False
2025-12-05,19-20,2235,308184.0,-0.8,4,금,False,False
2025-12-05,20-21,1775,241377.0,-1.6,4,금,False,False
2025-12-05,21-22,1537,238523.0,-1.9,4,금,False,False
2025-12-05,22-23,1437,205261.0,-1.6,4,금,False,False
2025-12-05,23-24,1093,108886.0,-2.0,4,금,False,False
2025-12-06,06-07,663,61149.0,-0.8,5,토,True,False
2025-12-06,07-08,960,93106.0,-0.7,5,토,True,False
2025-12-06,08-09,1754,158112.0,-0.9,5,토,True,False
2025-12-06,09-10,2292,197188.0,-0.1,5,토,True,False
2025-12-06,10-11,2378,217693.0,1.4,5,토,True,False
2025-12-06,11-12,2442,248619.0,2.5,5,토,True,False
2025-12-06,12-13,2722,270528.0,2.7,5,토,True,False
2025-12-06,13-14,2993,282853.0,3.3,5,토,True,False
2025-12-06,14-15,2960,295851.0,3.8,5,토,True,False
2025-12-06,15-16,2763,329278.0,4.0,5,토,True,False
2025-12-06,16-17,1566,371888.0,4.4,5,토,True,False
2025-12-06,17-18,2127,327004.0,4.3,5,토,True,False
2025-12-06,18-19,2067,249257.0,4.1,5,토,True,False
2025-12-06,19-20,1872,205327.0,3.8,5,토,True,False
2025-12-06,20-21,1798,206781.0,3.7,5,토,True,False
2025-12-06,21-22,1780,198220.0,3.7,5,토,True,False
2025-12-06,22-23,1600,161031.0,4.0,5,토,True,False
2025-12-06,23-24,1358,70558.0,3.9,5,토,True,False
2025-12-07,06-07,489,41684.0,4.2,6,일,True,False
2025-12-07,07-08,825,59529.0,3.9,6,일,True,False
2025-12-07,08-09,1527,105775.0,3.4,6,일,True,False
2025-12-07,09-10,2130,148813.0,3.6,6,일,True,False
2025-12-07,10-11,2517,169522.0,5.6,6,일,True,False
2025-12-07,11-12,2903,176991.0,8.1,6,일,True,False
2025-12-07,12-13,3662,207913.0,11.4,6,일,True,False
2025-12-07,13-14,4310,225620.0,12.8,6,일,True,False
2025-12-07,14-15,4368,227717.0,13.3,6,일,True,False
2025-12-07,15-16,4697,240277.0,12.9,6,일,True,False
2025-12-07,16-17,4779,250526.0,12.3,6,일,True,False
2025-12-07,17-18,4449,230404.0,12.0,6,일,True,False
2025-12-07,18-19,3664,195011.0,11.5,6,일,True,False
2025-12-07,19-20,3068,160381.0,11.1,6,일,True,False
2025-12-07,20-21,2743,157499.0,11.0,6,일,True,False
2025-12-07,21-22,2532,132447.0,10.1,6,일,True,False
2025-12-07,22-23,1970,94268.0,9.0,6,일,True,False
2025-12-07,23-24,1438,36149.0,8.2,6,일,True,False
2025-12-08,06-07,2538,150733.0,2.4,0,월,False,False
2025-12-08,07-08,5926,410230.0,1.8,0,월,False,False
2025-12-08,08-09,9164,498718.0,1.3,0,월,False,False
2025-12-08,09-10,4269,290343.0,2.0,0,월,False,False
2025-12-08,10-11,2820,200214.0,2.8,0,월,False,False
2025-12-08,11-12,3038,197830.0,3.8,0,월,False,False
2025-12-08,12-13,3425,210905.0,4.8,0,월,False,False
2025-12-08,13-14,3454,215125.0,6.2,0,월,False,False
2025-12-08,14-15,3392,228151.0,6.4,0,월,False,False
2025-12-08,15-16,4030,266937.0,7.3,0,월,False,False
2025-12-08,16-17,4773,317296.0,6.4,0,월,False,False
2025-12-08,17-18,7005,462088.0,4.8,0,월,False,False
2025-12-08,18-19,8778,590044.0,3.7,0,월,False,False
2025-12-08,19-20,5488,297638.0,2.9,0,월,False,False
2025-12-08,20-21,4113,223954.0,2.3,0,월,False,False
2025-12-08,21-22,3655,196648.0,1.7,0,월,False,False
2025-12-08,22-23,2882,139230.0,1.4,0,월,False,False
2025-12-08,23-24,1764,56556.0,1.4,0,월,False,False
2025-12-09,06-07,2555,148831.0,-1.7,1,화,False,False
2025-12-09,07-08,6056,414059.0,-2.2,1,화,False,False
2025-12-09,08-09,9650,514993.0,-2.3,1,화,False,False
2025-12-09,09-10,4586,298645.0,-0.7,1,화,False,False
2025-12-09,10-11,3055,207550.0,2.4,1,화,False,False
2025-12-09,11-12,3388,206193.0,4.0,1,화,False,False
2025-12-09,12-13,3517,217199.0,5.1,1,화,False,False
2025-12-09,13-14,3598,223327.0,6.1,1,화,False,False
2025-12-09,14-15,3705,235506.0,8.3,1,화,False,False
2025-12-09,15-16,3877,269962.0,8.1,1,화,False,False
2025-12-09,16-17,5226,329946.0,7.8,1,화,False,False
2025-12-09,17-18,7449,476357.0,6.9,1,화,False,False
2025-12-09,18-19,9583,593405.0,6.3,1,화,False,False
2025-12-09,19-20,5685,299270.0,5.4,1,화,False,False
2025-12-09,20-21,4471,237921.0,4.7,1,화,False,False
2025-12-09,21-22,4030,218220.0,4.0,1,화,False,False
2025-12-09,22-23,3061,160451.0,3.5,1,화,False,False
2025-12-09,23-24,1895,66161.0,3.1,1,화,False,False
2025-12-10,06-07,2529,147592.0,0.8,2,수,False,False
2025-12-10,07-08,6228,410096.0,0.7,2,수,False,False
2025-12-10,08-09,9991,511476.0,1.1,2,수,False,False
2025-12-10,09-10,4831,296870.0,2.4,2,수,False,False
2025-12-10,10-11,3401,209727.0,3.4,2,수,False,False
2025-12-10,11-12,3683,210008.0,4.8,2,수,False,False
2025-12-10,12-13,3838,224198.0,5.8,2,수,False,False
2025-12-10,13-14,3876,231873.0,6.9,2,수,False,False
2025-12-10,14-15,3909,240743.0,7.9,2,수,False,False
2025-12-10,15-16,4380,280298.0,8.5,2,수,False,False
2025-12-10,16-17,5319,336311.0,8.4,2,수,False,False
2025-12-10,17-18,7801,487469.0,8.0,2,수,False,False
2025-12-10,18-19,9683,590316.0,7.4,2,수,False,False
2025-12-10,19-20,5975,297731.0,7.5,2,수,False,False
2025-12-10,20-21,4506,241379.0,7.4,2,수,False,False
2025-12-10,21-22,4153,233240.0,7.1,2,수,False,False
2025-12-10,22-23,3297,170891.0,6.4,2,수,False,False
2025-12-10,23-24,2123,72898.0,5.6,2,수,False,False
2025-12-11,06-07,524,145006.0,5.2,3,목,False,False
2025-12-11,07-08,3077,404816.0,5.2,3,목,False,False
2025-12-11,08-09,6572,501571.0,5.5,3,목,False,False
2025-12-11,09-10,3561,293132.0,6.0,3,목,False,False
2025-12-11,10-11,2639,206803.0,7.0,3,목,False,False
2025-12-11,11-12,3147,204984.0,7.4,3,목,False,False
2025-12-11,12-13,3419,218071.0,7.3,3,목,False,False
2025-12-11,13-14,3447,226834.0,7.4,3,목,False,False
2025-12-11,14-15,3542,238715.0,7.9,3,목,False,False
2025-12-11,15-16,3822,276748.0,7.5,3,목,False,False
2025-12-11,16-17,4617,338901.0,6.2,3,목,False,False
2025-12-11,17-18,6702,481848.0,4.1,3,목,False,False
2025-12-11,18-19,7597,585534.0,2.6,3,목,False,False
2025-12-11,19-20,4614,301669.0,1.4,3,목,False,False
2025-12-11,20-21,3425,250118.0,0.5,3,목,False,False
2025-12-11,21-22,3241,239895.0,-0.3,3,목,False,False
2025-12-11,22-23,2610,182948.0,-0.9,3,목,False,False
2025-12-11,23-24,1667,79972.0,-1.2,3,목,False,False
2025-12-12,06-07,2155,141592.0,-3.5,4,금,False,False
2025-12-12,07-08,5229,386173.0,-3.1,4,금,False,False
2025-12-12,08-09,8569,477343.0,-2.9,4,금,False,False
2025-12-12,09-10,4341,284151.0,-2.1,4,금,False,False
2025-12-12,10-11,3101,210562.0,1.4,4,금,False,False
2025-12-12,11-12,3754,217125.0,3.6,4,금,False,False
2025-12-12,12-13,3665,235053.0,4.7,4,금,False,False
2025-12-12,13-14,3924,246832.0,6.6,4,금,False,False
2025-12-12,14-15,3976,262762.0,6.8,4,금,False,False
2025-12-12,15-16,4435,309384.0,6.9,4,금,False,False
2025-12-12,16-17,5382,376710.0,6.7,4,금,False,False
2025-12-12,17-18,7364,530541.0,6.2,4,금,False,False
2025-12-12,18-19,8345,600336.0,5.5,4,금,False,False
2025-12-12,19-20,4882,303885.0,5.1,4,금,False,False
2025-12-12,20-21,3858,247070.0,4.5,4,금,False,False
2025-12-12,21-22,3502,246314.0,4.3,4,금,False,False
2025-12-12,22-23,3157,215239.0,4.3,4,금,False,False
2025-12-12,23-24,2134,115539.0,4.1,4,금,False,False
2025-12-13,06-07,874,60282.0,3.8,5,토,True,False
2025-12-13,07-08,1483,92900.0,4.2,5,토,True,False
2025-12-13,08-09,2493,159582.0,4.3,5,토,True,False
2025-12-13,09-10,1360,200718.0,4.5,5,토,True,False
2025-12-13,10-11,525,225751.0,4.2,5,토,True,False
2025-12-13,11-12,579,256742.0,3.9,5,토,True,False
2025-12-13,12-13,345,278220.0,3.9,5,토,True,False
2025-12-13,13-14,280,290173.0,3.8,5,토,True,False
2025-12-13,14-15,267,305361.0,3.5,5,토,True,False
2025-12-13,15-16,274,333892.0,3.6,5,토,True,False
2025-12-13,16-17,232,374556.0,3.0,5,토,True,False
2025-12-13,17-18,281,335377.0,1.9,5,토,True,False
2025-12-13,18-19,265,262565.0,1.7,5,토,True,False
2025-12-13,19-20,278,220147.0,1.3,5,토,True,False
2025-12-13,20-21,357,226905.0,0.6,5,토,True,False
2025-12-13,21-22,661,210856.0,0.2,5,토,True,False
2025-12-13,22-23,770,174654.0,0.1,5,토,True,False
2025-12-13,23-24,762,78115.0,-0.2,5,토,True,False
2025-12-14,06-07,486,43489.0,-1.0,6,일,True,False
2025-12-14,07-08,699,59840.0,-0.9,6,일,True,False
2025-12-14,08-09,1159,101910.0,-0.9,6,일,True,False
2025-12-14,09-10,1664,147940.0,-1.1,6,일,True,False
2025-12-14,10-11,2022,174189.0,-0.8,6,일,True,False
2025-12-14,11-12,2331,183200.0,-0.1,6,일,True,False
2025-12-14,12-13,2647,214516.0,0.5,6,일,True,False
2025-12-14,13-14,2964,226046.0,1.1,6,일,True,False
2025-12-14,14-15,3109,233750.0,1.5,6,일,True,False
2025-12-14,15-16,3364,246416.0,2.2,6,일,True,False
2025-12-14,16-17,3392,255986.0,3.0,6,일,True,False
2025-12-14,17-18,3277,235837.0,2.0,6,일,True,False
2025-12-14,18-19,2856,203122.0,1.0,6,일,True,False
2025-12-14,19-20,2265,174744.0,0.3,6,일,True,False
2025-12-14,20-21,2080,167314.0,0.1,6,일,True,False
2025-12-14,21-22,1917,141260.0,-0.3,6,일,True,False
2025-12-14,22-23,1659,98821.0,-0.7,6,일,True,False
2025-12-14,23-24,1148,38204.0,-1.1,6,일,True,False
2025-12-15,06-07,2237,149467.0,-3.2,0,월,False,False
2025-12-15,07-08,5203,404279.0,-3.5,0,월,False,False
2025-12-15,08-09,8403,491967.0,-3.4,0,월,False,False
2025-12-15,09-10,3988,284184.0,-2.4,0,월,False,False
2025-12-15,10-11,2786,202721.0,0.2,0,월,False,False
2025-12-15,11-12,3213,204351.0,2.1,0,월,False,False
2025-12-15,12-13,3293,217255.0,3.0,0,월,False,False
2025-12-15,13-14,3342,223339.0,3.7,0,월,False,False
2025-12-15,14-15,3294,234376.0,3.9,0,월,False,False
2025-12-15,15-16,3632,271107.0,4.5,0,월,False,False
2025-12-15,16-17,4618,319508.0,4.2,0,월,False,False
2025-12-15,17-18,6565,462821.0,3.7,0,월,False,False
2025-12-15,18-19,8595,587269.0,2.6,0,월,False,False
2025-12-15,19-20,5063,298796.0,1.7,0,월,False,False
2025-12-15,20-21,4047,232077.0,1.2,0,월,False,False
2025-12-15,21-22,3484,207898.0,1.1,0,월,False,False
2025-12-15,22-23,2778,147246.0,1.4,0,월,False,False
2025-12-15,23-24,1709,61548.0,1.7,0,월,False,False
2025-12-16,06-07,2581,146839.0,2.6,1,화,False,False
2025-12-16,07-08,5953,404381.0,3.0,1,화,False,False
2025-12-16,08-09,9425,505694.0,3.2,1,화,False,False
2025-12-16,09-10,3423,295612.0,3.5,1,화,False,False
2025-12-16,10-11,954,210047.0,3.6,1,화,False,False
2025-12-16,11-12,610,210728.0,3.7,1,화,False,False
2025-12-16,12-13,660,218742.0,3.6,1,화,False,False
2025-12-16,13-14,1066,224328.0,3.8,1,화,False,False
2025-12-16,14-15,1232,234670.0,4.1,1,화,False,False
2025-12-16,15-16,609,273819.0,4.2,1,화,False,False
2025-12-16,16-17,866,330294.0,4.3,1,화,False,False
2025-12-16,17-18,1607,467895.0,4.4,1,화,False,False
2025-12-16,18-19,3201,585724.0,4.4,1,화,False,False
2025-12-16,19-20,2671,296055.0,4.4,1,화,False,False
2025-12-16,20-21,2506,238960.0,4.5,1,화,False,False
2025-12-16,21-22,2481,225026.0,4.6,1,화,False,False
2025-12-16,22-23,2122,169298.0,4.7,1,화,False,False
2025-12-16,23-24,1449,72384.0,4.9,1,화,False,False
2025-12-17,06-07,2340,146210.0,4.3,2,수,False,False
2025-12-17,07-08,5388,402600.0,3.7,2,수,False,False
2025-12-17,08-09,8559,502093.0,3.2,2,수,False,False
2025-12-17,09-10,4136,293715.0,3.2,2,수,False,False
2025-12-17,10-11,2787,211432.0,3.6,2,수,False,False
2025-12-17,11-12,3308,214282.0,4.7,2,수,False,False
2025-12-17,12-13,3512,227595.0,5.6,2,수,False,False
2025-12-17,13-14,3647,240542.0,6.2,2,수,False,False
2025-12-17,14-15,3669,250696.0,6.6,2,수,False,False
2025-12-17,15-16,4139,288800.0,7.3,2,수,False,False
2025-12-17,16-17,4900,348655.0,6.9,2,수,False,False
2025-12-17,17-18,7188,496166.0,5.7,2,수,False,False
2025-12-17,18-19,8444,592285.0,4.4,2,수,False,False
2025-12-17,19-20,5176,303848.0,3.9,2,수,False,False
2025-12-17,20-21,4040,252099.0,3.3,2,수,False,False
2025-12-17,21-22,3637,244063.0,2.9,2,수,False,False
2025-12-17,22-23,2984,185774.0,2.2,2,수,False,False
2025-12-17,23-24,1953,81868.0,1.7,2,수,False,False
2025-12-18,06-07,2363,146166.0,-1.6,3,목,False,False
2025-12-18,07-08,5759,399496.0,-1.5,3,목,False,False
2025-12-18,08-09,9180,498542.0,-1.9,3,목,False,False
2025-12-18,09-10,4384,293237.0,-1.2,3,목,False,False
2025-12-18,10-11,2916,212223.0,1.5,3,목,False,False
2025-12-18,11-12,3416,212607.0,3.9,3,목,False,False
2025-12-18,12-13,3505,227292.0,5.0,3,목,False,False
2025-12-18,13-14,3668,237701.0,6.3,3,목,False,False
2025-12-18,14-15,3639,252895.0,8.4,3,목,False,False
2025-12-18,15-16,4131,294480.0,8.0,3,목,False,False
2025-12-18,16-17,5245,355020.0,7.7,3,목,False,False
2025-12-18,17-18,7091,490769.0,6.3,3,목,False,False
2025-12-18,18-19,8501,583325.0,5.0,3,목,False,False
2025-12-18,19-20,5221,308653.0,3.9,3,목,False,False
2025-12-18,20-21,4046,259743.0,2.8,3,목,False,False
2025-12-18,21-22,3773,257680.0,2.1,3,목,False,False
2025-12-18,22-23,3032,203106.0,1.6,3,목,False,False
2025-12-18,23-24,2036,92802.0,1.9,3,목,False,False
2025-12-19,06-07,2259,140692.0,-0.6,4,금,False,False
2025-12-19,07-08,5575,378934.0,-0.4,4,금,False,False
2025-12-19,08-09,8780,475101.0,0.7,4,금,False,False
2025-12-19,09-10,4241,286247.0,1.6,4,금,False,False
2025-12-19,10-11,3036,219151.0,2.5,4,금,False,False
2025-12-19,11-12,3543,226338.0,3.7,4,금,False,False
2025-12-19,12-13,3762,245011.0,5.7,4,금,False,False
2025-12-19,13-14,3999,260267.0,7.5,4,금,False,False
2025-12-19,14-15,4357,278088.0,8.6,4,금,False,False
2025-12-19,15-16,4889,324251.0,9.3,4,금,False,False
2025-12-19,16-17,5961,397093.0,9.9,4,금,False,False
2025-12-19,17-18,7893,539569.0,8.8,4,금,False,False
2025-12-19,18-19,8644,605764.0,7.7,4,금,False,False
2025-12-19,19-20,5159,314772.0,6.8,4,금,False,False
2025-12-19,20-21,3947,255305.0,6.7,4,금,False,False
2025-12-19,21-22,3673,258540.0,7.2,4,금,False,False
2025-12-19,22-23,3398,234873.0,7.2,4,금,False,False
2025-12-19,23-24,2511,128146.0,7.4,4,금,False,False
2025-12-20,06-07,768,60614.0,8.2,5,토,True,False
2025-12-20,07-08,1150,91023.0,8.4,5,토,True,False
2025-12-20,08-09,2076,154545.0,8.3,5,토,True,False
2025-12-20,09-10,2218,198120.0,8.6,5,토,True,False
2025-12-20,10-11,1865,224333.0,8.8,5,토,True,False
2025-12-20,11-12,2336,253489.0,9.0,5,토,True,False
2025-12-20,12-13,2069,282675.0,10.3,5,토,True,False
2025-12-20,13-14,2434,294115.0,10.7,5,토,True,False
2025-12-20,14-15,2132,311665.0,10.2,5,토,True,False
2025-12-20,15-16,1829,347408.0,9.5,5,토,True,False
2025-12-20,16-17,2780,383432.0,8.8,5,토,True,False
2025-12-20,17-18,3245,354558.0,8.6,5,토,True,False
2025-12-20,18-19,3078,275157.0,7.8,5,토,True,False
2025-12-20,19-20,2595,229407.0,7.0,5,토,True,False
2025-12-20,20-21,2284,228090.0,6.2,5,토,True,False
2025-12-20,21-22,2212,226015.0,4.9,5,토,True,False
2025-12-20,22-23,1859,185524.0,2.8,5,토,True,False
2025-12-20,23-24,1524,81160.0,1.8,5,토,True,False
2025-12-21,06-07,566,43771.0,-2.0,6,일,True,False
2025-12-21,07-08,862,60124.0,-2.4,6,일,True,False
2025-12-21,08-09,1539,106582.0,-2.7,6,일,True,False
2025-12-21,09-10,2032,151454.0,-2.9,6,일,True,False
2025-12-21,10-11,2324,178105.0,-2.2,6,일,True,False
2025-12-21,11-12,2517,190785.0,-0.8,6,일,True,False
2025-12-21,12-13,2766,219611.0,0.3,6,일,True,False
2025-12-21,13-14,3090,231681.0,0.7,6,일,True,False
2025-12-21,14-15,3237,239453.0,1.5,6,일,True,False
2025-12-21,15-16,3236,258584.0,2.0,6,일,True,False
2025-12-21,16-17,3363,278481.0,1.7,6,일,True,False
2025-12-21,17-18,3212,257652.0,0.5,6,일,True,False
2025-12-21,18-19,2587,219687.0,-0.5,6,일,True,False
2025-12-21,19-20,2216,184309.0,-1.0,6,일,True,False
2025-12-21,20-21,1915,180268.0,-1.6,6,일,True,False
2025-12-21,21-22,1896,156572.0,-1.5,6,일,True,False
2025-12-21,22-23,1564,110775.0,-2.0,6,일,True,False
2025-12-21,23-24,1062,42847.0,-2.9,6,일,True,False
2025-12-22,06-07,2123,148505.0,-5.2,0,월,False,False
2025-12-22,07-08,4964,396126.0,-5.7,0,월,False,False
2025-12-22,08-09,7957,482246.0,-5.7,0,월,False,False
2025-12-22,09-10,3703,280388.0,-4.6,0,월,False,False
2025-12-22,10-11,2505,203101.0,-1.6,0,월,False,False
2025-12-22,11-12,2902,204890.0,0.1,0,월,False,False
2025-12-22,12-13,2972,219925.0,1.7,0,월,False,False
2025-12-22,13-14,3215,231686.0,3.0,0,월,False,False
2025-12-22,14-15,3271,244835.0,4.0,0,월,False,False
2025-12-22,15-16,3643,282652.0,4.7,0,월,False,False
2025-12-22,16-17,4556,336124.0,5.0,0,월,False,False
2025-12-22,17-18,6498,474028.0,3.5,0,월,False,False
2025-12-22,18-19,8127,590744.0,2.0,0,월,False,False
2025-12-22,19-20,4838,306702.0,1.0,0,월,False,False
2025-12-22,20-21,3729,247732.0,0.4,0,월,False,False
2025-12-22,21-22,3403,229991.0,0.3,0,월,False,False
2025-12-22,22-23,2735,171517.0,0.3,0,월,False,False
2025-12-22,23-24,1804,75215.0,-0.3,0,월,False,False
2025-12-23,06-07,2364,144746.0,1.4,1,화,False,False
2025-12-23,07-08,5572,393692.0,1.7,1,화,False,False
2025-12-23,08-09,8939,486437.0,2.2,1,화,False,False
2025-12-23,09-10,4209,281161.0,2.6,1,화,False,False
2025-12-23,10-11,2807,206341.0,3.4,1,화,False,False
2025-12-23,11-12,2762,213231.0,4.0,1,화,False,False
2025-12-23,12-13,1372,227741.0,4.1,1,화,False,False
2025-12-23,13-14,570,235553.0,4.3,1,화,False,False
2025-12-23,14-15,279,248633.0,2.4,1,화,False,False
2025-12-23,15-16,232,283881.0,2.8,1,화,False,False
2025-12-23,16-17,326,339931.0,2.7,1,화,False,False
2025-12-23,17-18,414,475341.0,2.7,1,화,False,False
2025-12-23,18-19,448,584581.0,2.7,1,화,False,False
2025-12-23,19-20,358,307614.0,2.9,1,화,False,False
2025-12-23,20-21,278,251864.0,3.1,1,화,False,False
2025-12-23,21-22,520,244658.0,3.2,1,화,False,False
2025-12-23,22-23,1009,190819.0,3.4,1,화,False,False
2025-12-23,23-24,951,85799.0,3.6,1,화,False,False
2025-12-24,06-07,1743,137473.0,2.8,2,수,False,False
2025-12-24,07-08,3955,371136.0,2.7,2,수,False,False
2025-12-24,08-09,6561,460439.0,2.4,2,수,False,False
2025-12-24,09-10,3315,266871.0,2.5,2,수,False,False
2025-12-24,10-11,2453,201692.0,2.6,2,수,False,False
2025-12-24,11-12,2974,217427.0,3.4,2,수,False,False
2025-12-24,12-13,3244,241855.0,4.6,2,수,False,False
2025-12-24,13-14,3550,259957.0,5.1,2,수,False,False
2025-12-24,14-15,3893,276013.0,5.3,2,수,False,False
2025-12-24,15-16,4185,326700.0,5.9,2,수,False,False
2025-12-24,16-17,5188,398083.0,5.5,2,수,False,False
2025-12-24,17-18,6785,544948.0,4.2,2,수,False,False
2025-12-24,18-19,7408,632005.0,3.1,2,수,False,False
2025-12-24,19-20,4386,331444.0,2.2,2,수,False,False
2025-12-24,20-21,3148,248789.0,1.5,2,수,False,False
2025-12-24,21-22,2681,225046.0,0.7,2,수,False,False
2025-12-24,22-23,2222,181944.0,0.3,2,수,False,False
2025-12-24,23-24,1429,87038.0,-0.4,2,수,False,False
2025-12-25,06-07,579,45867.0,-2.8,3,목,False,True
2025-12-25,07-08,742,59239.0,-3.0,3,목,False,True
2025-12-25,08-09,1325,96219.0,-3.3,3,목,False,True
2025-12-25,09-10,1640,138022.0,-3.1,3,목,False,True
2025-12-25,10-11,1965,171419.0,-2.0,3,목,False,True
2025-12-25,11-12,1948,186222.0,-1.0,3,목,False,True
2025-12-25,12-13,2124,233645.0,-0.3,3,목,False,True
2025-12-25,13-14,2170,248767.0,-0.6,3,목,False,True
2025-12-25,14-15,2208,259272.0,-0.3,3,목,False,True
2025-12-25,15-16,2140,282010.0,-0.7,3,목,False,True
2025-12-25,16-17,2147,301580.0,-1.3,3,목,False,True
2025-12-25,17-18,2080,281953.0,-3.1,3,목,False,True
2025-12-25,18-19,1598,255239.0,-4.4,3,목,False,True
2025-12-25,19-20,1243,219590.0,-5.3,3,목,False,True
2025-12-25,20-21,1093,208696.0,-6.4,3,목,False,True
2025-12-25,21-22,1056,191152.0,-7.0,3,목,False,True
2025-12-25,22-23,946,143569.0,-7.8,3,목,False,True
2025-12-25,23-24,779,57107.0,-8.3,3,목,False,True
2025-12-26,06-07,1128,113028.0,-11.4,4,금,False,False
2025-12-26,07-08,2632,288607.0,-11.6,4,금,False,False
2025-12-26,08-09,4265,360577.0,-11.8,4,금,False,False
2025-12-26,09-10,2250,227900.0,-11.3,4,금,False,False
2025-12-26,10-11,1656,185645.0,-10.3,4,금,False,False
2025-12-26,11-12,1855,198200.0,-8.9,4,금,False,False
2025-12-26,12-13,2017,217580.0,-7.6,4,금,False,False
2025-12-26,13-14,2281,230337.0,-6.4,4,금,False,False
2025-12-26,14-15,2383,249264.0,-4.9,4,금,False,False
2025-12-26,15-16,2559,289289.0,-4.0,4,금,False,False
2025-12-26,16-17,3053,346089.0,-4.2,4,금,False,False
2025-12-26,17-18,3769,438909.0,-5.4,4,금,False,False
2025-12-26,18-19,4161,501404.0,-6.1,4,금,False,False
2025-12-26,19-20,2477,266197.0,-6.5,4,금,False,False
2025-12-26,20-21,1919,215399.0,-6.8,4,금,False,False
2025-12-26,21-22,1774,206354.0,-7.1,4,금,False,False
2025-12-26,22-23,1654,175370.0,-7.7,4,금,False,False
2025-12-26,23-24,1087,86262.0,-7.9,4,금,False,False
2025-12-27,06-07,562,54541.0,-6.7,5,토,True,False
2025-12-27,07-08,941,80434.0,-6.6,5,토,True,False
2025-12-27,08-09,1737,138492.0,-6.1,5,토,True,False
2025-12-27,09-10,2102,177703.0,-5.5,5,토,True,False
2025-12-27,10-11,2126,200057.0,-3.6,5,토,True,False
2025-12-27,11-12,2399,230483.0,-2.3,5,토,True,False
2025-12-27,12-13,2668,253123.0,-1.1,5,토,True,False
2025-12-27,13-14,2768,264320.0,-0.5,5,토,True,False
2025-12-27,14-15,2762,277671.0,-0.2,5,토,True,False
2025-12-27,15-16,2906,306862.0,0.4,5,토,True,False
2025-12-27,16-17,3155,341349.0,0.4,5,토,True,False
2025-12-27,17-18,3109,313165.0,0.3,5,토,True,False
2025-12-27,18-19,2663,250483.0,-0.3,5,토,True,False
2025-12-27,19-20,1970,205081.0,-0.4,5,토,True,False
2025-12-27,20-21,1855,208619.0,-0.7,5,토,True,False
2025-12-27,21-22,1858,200225.0,-0.7,5,토,True,False
2025-12-27,22-23,1634,157917.0,-0.4,5,토,True,False
2025-12-27,23-24,1338,69087.0,-0.2,5,토,True,False
2025-12-28,06-07,529,40961.0,0.5,6,일,True,False
2025-12-28,07-08,844,54855.0,0.5,6,일,True,False
2025-12-28,08-09,1451,96214.0,0.6,6,일,True,False
2025-12-28,09-10,1891,139678.0,1.0,6,일,True,False
2025-12-28,10-11,2165,162533.0,2.1,6,일,True,False
2025-12-28,11-12,2337,170867.0,3.0,6,일,True,False
2025-12-28,12-13,2885,202166.0,3.8,6,일,True,False
2025-12-28,13-14,2970,212059.0,4.5,6,일,True,False
2025-12-28,14-15,3148,216692.0,5.3,6,일,True,False
2025-12-28,15-16,3323,233729.0,5.8,6,일,True,False
2025-12-28,16-17,3576,253055.0,5.8,6,일,True,False
2025-12-28,17-18,3078,235020.0,5.5,6,일,True,False
2025-12-28,18-19,2579,197177.0,4.9,6,일,True,False
2025-12-28,19-20,1894,174008.0,4.4,6,일,True,False
2025-12-28,20-21,1243,164196.0,4.4,6,일,True,False
2025-12-28,21-22,1075,146017.0,4.3,6,일,True,False
2025-12-28,22-23,668,105909.0,4.3,6,일,True,False
2025-12-28,23-24,578,40969.0,5.1,6,일,True,False
2025-12-29,06-07,735,137077.0,3.9,0,월,False,False
2025-12-29,07-08,2874,362626.0,4.9,0,월,False,False
2025-12-29,08-09,5271,443182.0,5.1,0,월,False,False
2025-12-29,09-10,2782,262581.0,5.0,0,월,False,False
2025-12-29,10-11,2251,201391.0,6.1,0,월,False,False
2025-12-29,11-12,2753,207486.0,7.8,0,월,False,False
2025-12-29,12-13,3016,220801.0,8.6,0,월,False,False
2025-12-29,13-14,3324,232249.0,8.9,0,월,False,False
2025-12-29,14-15,3705,249370.0,9.0,0,월,False,False
2025-12-29,15-16,3866,286368.0,9.0,0,월,False,False
2025-12-29,16-17,4434,333289.0,8.2,0,월,False,False
2025-12-29,17-18,6176,453695.0,7.1,0,월,False,False
2025-12-29,18-19,7426,557871.0,5.8,0,월,False,False
2025-12-29,19-20,4419,292784.0,5.1,0,월,False,False
2025-12-29,20-21,3391,237738.0,4.0,0,월,False,False
2025-12-29,21-22,3029,221100.0,2.7,0,월,False,False
2025-12-29,22-23,2472,168294.0,1.5,0,월,False,False
2025-12-29,23-24,1585,76328.0,0.4,0,월,False,False
2025-12-30,06-07,1871,134249.0,-3.2,1,화,False,False
2025-12-30,07-08,4462,362679.0,-3.1,1,화,False,False
2025-12-30,08-09,7395,448221.0,-3.6,1,화,False,False
2025-12-30,09-10,3565,263152.0,-3.1,1,화,False,False
2025-12-30,10-11,2573,204244.0,-0.8,1,화,False,False
2025-12-30,11-12,2873,208851.0,0.3,1,화,False,False
2025-12-30,12-13,3017,224261.0,1.6,1,화,False,False
2025-12-30,13-14,3070,235802.0,2.5,1,화,False,False
2025-12-30,14-15,3179,253352.0,2.9,1,화,False,False
2025-12-30,15-16,3560,292390.0,3.4,1,화,False,False
2025-12-30,16-17,4281,341247.0,2.7,1,화,False,False
2025-12-30,17-18,5752,458895.0,1.7,1,화,False,False
2025-12-30,18-19,6816,556538.0,0.5,1,화,False,False
2025-12-30,19-20,3946,292211.0,-0.2,1,화,False,False
2025-12-30,20-21,3008,240701.0,-0.5,1,화,False,False
2025-12-30,21-22,2804,229334.0,-0.5,1,화,False,False
2025-12-30,22-23,2372,185627.0,-0.8,1,화,False,False
2025-12-30,23-24,1560,84879.0,-1.0,1,화,False,False
2025-12-31,06-07,1485,120922.0,-5.8,2,수,False,False
2025-12-31,07-08,3583,325949.0,-6.3,2,수,False,False
2025-12-31,08-09,5986,406790.0,-7.1,2,수,False,False
2025-12-31,09-10,2906,241350.0,-7.1,2,수,False,False
2025-12-31,10-11,2071,189213.0,-6.2,2,수,False,False
2025-12-31,11-12,2363,200792.0,-5.4,2,수,False,False
2025-12-31,12-13,2543,234134.0,-4.6,2,수,False,False
2025-12-31,13-14,2555,253254.0,-3.8,2,수,False,False
2025-12-31,14-15,2923,283891.0,-3.4,2,수,False,False
2025-12-31,15-16,3324,340016.0,-3.0,2,수,False,False
2025-12-31,16-17,3826,389270.0,-3.2,2,수,False,False
2025-12-31,17-18,4456,446250.0,-3.9,2,수,False,False
2025-12-31,18-19,4340,467896.0,-4.9,2,수,False,False
2025-12-31,19-20,2550,277837.0,-5.6,2,수,False,False
2025-12-31,20-21,1838,219089.0,-6.3,2,수,False,False
2025-12-31,21-22,1660,199140.0,-7.4,2,수,False,False
2025-12-31,22-23,1382,172502.0,-8.1,2,수,False,False
2025-12-31,23-24,1197,75000.0,-8.7,2,수,False,False
